[    2030ms] [WARNING] Allow attribute will take precedence over 'allowfullscreen'. @ http://localhost:9292/:1925
[    2825ms] [WARNING] GSAP or ScrollTrigger not loaded. Retrying... @ http://localhost:9292/cdn/shop/t/4/assets/section-footer-features.js?v=180436652779018945661774374927:13
[    2853ms] [WARNING] Alpine Expression Error: isPlayerPlaying is not defined

Expression: "{ 'is-playing': isPlayerPlaying, 'is-open': isPlayerOpen }"

 JSHandle@node @ https://cdn.jsdelivr.net/npm/alpinejs@3.15.3/dist/cdn.min.js:0
[    2897ms] Uncaught ReferenceError: isPlayerPlaying is not defined
    at [Alpine] { 'is-playing': isPlayerPlaying, 'is-open': isPlayerOpen } (:2:47)
    at <anonymous> (https://cdn.jsdelivr.net/npm/alpinejs@3.15.3/dist/cdn.min.js:4:1152)
    at or (https://cdn.jsdelivr.net/npm/alpinejs@3.15.3/dist/cdn.min.js:0:4955)
    at <anonymous> (https://cdn.jsdelivr.net/npm/alpinejs@3.15.3/dist/cdn.min.js:4:34669)
    at r (https://cdn.jsdelivr.net/npm/alpinejs@3.15.3/dist/cdn.min.js:4:19481)
    at ln (https://cdn.jsdelivr.net/npm/alpinejs@3.15.3/dist/cdn.min.js:4:19269)
    at N (https://cdn.jsdelivr.net/npm/alpinejs@3.15.3/dist/cdn.min.js:0:397)
    at <anonymous> (https://cdn.jsdelivr.net/npm/alpinejs@3.15.3/dist/cdn.min.js:0:510)
    at Tn (https://cdn.jsdelivr.net/npm/alpinejs@3.15.3/dist/cdn.min.js:4:34663)
    at r (https://cdn.jsdelivr.net/npm/alpinejs@3.15.3/dist/cdn.min.js:4:3069)
    at n (https://cdn.jsdelivr.net/npm/alpinejs@3.15.3/dist/cdn.min.js:4:3099)
    at gr (https://cdn.jsdelivr.net/npm/alpinejs@3.15.3/dist/cdn.min.js:4:3109)
    at S (https://cdn.jsdelivr.net/npm/alpinejs@3.15.3/dist/cdn.min.js:4:5943)
    at <anonymous> (https://cdn.jsdelivr.net/npm/alpinejs@3.15.3/dist/cdn.min.js:4:5307)
    at vr (https://cdn.jsdelivr.net/npm/alpinejs@3.15.3/dist/cdn.min.js:4:5295)
    at <anonymous> (https://cdn.jsdelivr.net/npm/alpinejs@3.15.3/dist/cdn.min.js:4:40520)
[    3122ms] [ERROR] Access to fetch at 'https://trgcj0-r0.myshopify.com/api/collect' from origin 'http://localhost:9292' has been blocked by CORS policy: Response to preflight request doesn't pass access control check: No 'Access-Control-Allow-Origin' header is present on the requested resource. @ http://localhost:9292/:0
[    3123ms] [ERROR] Failed to load resource: net::ERR_FAILED @ https://trgcj0-r0.myshopify.com/api/collect:0
[    3494ms] [ERROR] Framing 'https://shop.app/' violates the following Content Security Policy directive: "frame-ancestors https://trgcj0-r0.myshopify.com https://trgcj0-r0.account.myshopify.com https://bassface.in https://www.bassface.in https://bassfacemusics.myshopify.com https://bassface-storefront-9e27aa684266004b66d3.o2.myshopify.dev https://shopify.com". The request has been blocked.
 @ :0
[    4492ms] [ERROR] Access to fetch at 'https://trgcj0-r0.myshopify.com/api/collect' from origin 'http://localhost:9292' has been blocked by CORS policy: Response to preflight request doesn't pass access control check: No 'Access-Control-Allow-Origin' header is present on the requested resource. @ http://localhost:9292/:0
[    4493ms] [ERROR] Failed to load resource: net::ERR_FAILED @ https://trgcj0-r0.myshopify.com/api/collect:0
[    6200ms] [ERROR] Failed to load resource: the server responded with a status of 404 (Not Found) @ http://localhost:9292/favicon.ico:0
[    6946ms] [ERROR] Access to fetch at 'https://trgcj0-r0.myshopify.com/api/collect' from origin 'http://localhost:9292' has been blocked by CORS policy: Response to preflight request doesn't pass access control check: No 'Access-Control-Allow-Origin' header is present on the requested resource. @ http://localhost:9292/:0
[    6946ms] [ERROR] Failed to load resource: net::ERR_FAILED @ https://trgcj0-r0.myshopify.com/api/collect:0
[    8535ms] [ERROR] Access to fetch at 'https://trgcj0-r0.myshopify.com/api/collect' from origin 'http://localhost:9292' has been blocked by CORS policy: Response to preflight request doesn't pass access control check: No 'Access-Control-Allow-Origin' header is present on the requested resource. @ http://localhost:9292/:0
[    8535ms] [ERROR] Failed to load resource: net::ERR_FAILED @ https://trgcj0-r0.myshopify.com/api/collect:0
[   11334ms] [ERROR] Access to fetch at 'https://trgcj0-r0.myshopify.com/api/collect' from origin 'http://localhost:9292' has been blocked by CORS policy: Response to preflight request doesn't pass access control check: No 'Access-Control-Allow-Origin' header is present on the requested resource. @ http://localhost:9292/:0
[   11334ms] [ERROR] Failed to load resource: net::ERR_FAILED @ https://trgcj0-r0.myshopify.com/api/collect:0
[   13928ms] [ERROR] Access to fetch at 'https://trgcj0-r0.myshopify.com/api/collect' from origin 'http://localhost:9292' has been blocked by CORS policy: Response to preflight request doesn't pass access control check: No 'Access-Control-Allow-Origin' header is present on the requested resource. @ http://localhost:9292/:0
[   13929ms] [ERROR] Failed to load resource: net::ERR_FAILED @ https://trgcj0-r0.myshopify.com/api/collect:0
[   19394ms] [ERROR] Access to fetch at 'https://trgcj0-r0.myshopify.com/api/collect' from origin 'http://localhost:9292' has been blocked by CORS policy: Response to preflight request doesn't pass access control check: No 'Access-Control-Allow-Origin' header is present on the requested resource. @ http://localhost:9292/:0
[   19394ms] [ERROR] Failed to load resource: net::ERR_FAILED @ https://trgcj0-r0.myshopify.com/api/collect:0
[   24770ms] [ERROR] Access to fetch at 'https://trgcj0-r0.myshopify.com/api/collect' from origin 'http://localhost:9292' has been blocked by CORS policy: Response to preflight request doesn't pass access control check: No 'Access-Control-Allow-Origin' header is present on the requested resource. @ http://localhost:9292/:0
[   24770ms] [ERROR] Failed to load resource: net::ERR_FAILED @ https://trgcj0-r0.myshopify.com/api/collect:0
[   30182ms] [ERROR] Access to fetch at 'https://trgcj0-r0.myshopify.com/api/collect' from origin 'http://localhost:9292' has been blocked by CORS policy: Response to preflight request doesn't pass access control check: No 'Access-Control-Allow-Origin' header is present on the requested resource. @ http://localhost:9292/:0
[   30183ms] [ERROR] Failed to load resource: net::ERR_FAILED @ https://trgcj0-r0.myshopify.com/api/collect:0
[   35006ms] [ERROR] [HotReload] Connection closed by the server, attempting to reconnect... @ http://localhost:9292/cdn/shopifycloud/theme-hot-reload/theme-hot-reload.js:304
[   35119ms] [WARNING] GSAP or ScrollTrigger not loaded. Retrying... @ http://localhost:9292/cdn/shop/t/4/assets/section-footer-features.js?v=180436652779018945661774374927:13
[   35478ms] [ERROR] Access to fetch at 'https://trgcj0-r0.myshopify.com/api/collect' from origin 'http://localhost:9292' has been blocked by CORS policy: Response to preflight request doesn't pass access control check: No 'Access-Control-Allow-Origin' header is present on the requested resource. @ http://localhost:9292/products/hardwell-maddix-revealed-a-c-i-d-oversized-t-shirt-black:0
[   35478ms] [ERROR] Failed to load resource: net::ERR_FAILED @ https://trgcj0-r0.myshopify.com/api/collect:0
[   36069ms] [ERROR] Framing 'https://shop.app/' violates the following Content Security Policy directive: "frame-ancestors https://trgcj0-r0.myshopify.com https://trgcj0-r0.account.myshopify.com https://bassface.in https://www.bassface.in https://bassfacemusics.myshopify.com https://bassface-storefront-9e27aa684266004b66d3.o2.myshopify.dev https://shopify.com". The request has been blocked.
 @ :0
[   36845ms] [ERROR] Access to fetch at 'https://trgcj0-r0.myshopify.com/api/collect' from origin 'http://localhost:9292' has been blocked by CORS policy: Response to preflight request doesn't pass access control check: No 'Access-Control-Allow-Origin' header is present on the requested resource. @ http://localhost:9292/products/hardwell-maddix-revealed-a-c-i-d-oversized-t-shirt-black:0
[   36845ms] [ERROR] Failed to load resource: net::ERR_FAILED @ https://trgcj0-r0.myshopify.com/api/collect:0
[   39200ms] [ERROR] Access to fetch at 'https://trgcj0-r0.myshopify.com/api/collect' from origin 'http://localhost:9292' has been blocked by CORS policy: Response to preflight request doesn't pass access control check: No 'Access-Control-Allow-Origin' header is present on the requested resource. @ http://localhost:9292/products/hardwell-maddix-revealed-a-c-i-d-oversized-t-shirt-black:0
[   39200ms] [ERROR] Failed to load resource: net::ERR_FAILED @ https://trgcj0-r0.myshopify.com/api/collect:0
[   40854ms] [ERROR] Access to fetch at 'https://trgcj0-r0.myshopify.com/api/collect' from origin 'http://localhost:9292' has been blocked by CORS policy: Response to preflight request doesn't pass access control check: No 'Access-Control-Allow-Origin' header is present on the requested resource. @ http://localhost:9292/products/hardwell-maddix-revealed-a-c-i-d-oversized-t-shirt-black:0
[   40854ms] [ERROR] Failed to load resource: net::ERR_FAILED @ https://trgcj0-r0.myshopify.com/api/collect:0
[   43646ms] [ERROR] Access to fetch at 'https://trgcj0-r0.myshopify.com/api/collect' from origin 'http://localhost:9292' has been blocked by CORS policy: Response to preflight request doesn't pass access control check: No 'Access-Control-Allow-Origin' header is present on the requested resource. @ http://localhost:9292/products/hardwell-maddix-revealed-a-c-i-d-oversized-t-shirt-black:0
[   43646ms] [ERROR] Failed to load resource: net::ERR_FAILED @ https://trgcj0-r0.myshopify.com/api/collect:0
[   46291ms] [ERROR] Access to fetch at 'https://trgcj0-r0.myshopify.com/api/collect' from origin 'http://localhost:9292' has been blocked by CORS policy: Response to preflight request doesn't pass access control check: No 'Access-Control-Allow-Origin' header is present on the requested resource. @ http://localhost:9292/products/hardwell-maddix-revealed-a-c-i-d-oversized-t-shirt-black:0
[   46291ms] [ERROR] Failed to load resource: net::ERR_FAILED @ https://trgcj0-r0.myshopify.com/api/collect:0
[   51680ms] [ERROR] Access to fetch at 'https://trgcj0-r0.myshopify.com/api/collect' from origin 'http://localhost:9292' has been blocked by CORS policy: Response to preflight request doesn't pass access control check: No 'Access-Control-Allow-Origin' header is present on the requested resource. @ http://localhost:9292/products/hardwell-maddix-revealed-a-c-i-d-oversized-t-shirt-black:0
[   51680ms] [ERROR] Failed to load resource: net::ERR_FAILED @ https://trgcj0-r0.myshopify.com/api/collect:0
[   57062ms] [ERROR] Access to fetch at 'https://trgcj0-r0.myshopify.com/api/collect' from origin 'http://localhost:9292' has been blocked by CORS policy: Response to preflight request doesn't pass access control check: No 'Access-Control-Allow-Origin' header is present on the requested resource. @ http://localhost:9292/products/hardwell-maddix-revealed-a-c-i-d-oversized-t-shirt-black:0
[   57063ms] [ERROR] Failed to load resource: net::ERR_FAILED @ https://trgcj0-r0.myshopify.com/api/collect:0
[   62566ms] [ERROR] Access to fetch at 'https://trgcj0-r0.myshopify.com/api/collect' from origin 'http://localhost:9292' has been blocked by CORS policy: Response to preflight request doesn't pass access control check: No 'Access-Control-Allow-Origin' header is present on the requested resource. @ http://localhost:9292/products/hardwell-maddix-revealed-a-c-i-d-oversized-t-shirt-black:0
[   62567ms] [ERROR] Failed to load resource: net::ERR_FAILED @ https://trgcj0-r0.myshopify.com/api/collect:0
[   68024ms] [ERROR] Access to fetch at 'https://trgcj0-r0.myshopify.com/api/collect' from origin 'http://localhost:9292' has been blocked by CORS policy: Response to preflight request doesn't pass access control check: No 'Access-Control-Allow-Origin' header is present on the requested resource. @ http://localhost:9292/products/hardwell-maddix-revealed-a-c-i-d-oversized-t-shirt-black:0
[   68024ms] [ERROR] Failed to load resource: net::ERR_FAILED @ https://trgcj0-r0.myshopify.com/api/collect:0
[   73391ms] [ERROR] Access to fetch at 'https://trgcj0-r0.myshopify.com/api/collect' from origin 'http://localhost:9292' has been blocked by CORS policy: Response to preflight request doesn't pass access control check: No 'Access-Control-Allow-Origin' header is present on the requested resource. @ http://localhost:9292/products/hardwell-maddix-revealed-a-c-i-d-oversized-t-shirt-black:0
[   73391ms] [ERROR] Failed to load resource: net::ERR_FAILED @ https://trgcj0-r0.myshopify.com/api/collect:0
[   78776ms] [ERROR] Access to fetch at 'https://trgcj0-r0.myshopify.com/api/collect' from origin 'http://localhost:9292' has been blocked by CORS policy: Response to preflight request doesn't pass access control check: No 'Access-Control-Allow-Origin' header is present on the requested resource. @ http://localhost:9292/products/hardwell-maddix-revealed-a-c-i-d-oversized-t-shirt-black:0
[   78776ms] [ERROR] Failed to load resource: net::ERR_FAILED @ https://trgcj0-r0.myshopify.com/api/collect:0
[   84184ms] [ERROR] Access to fetch at 'https://trgcj0-r0.myshopify.com/api/collect' from origin 'http://localhost:9292' has been blocked by CORS policy: Response to preflight request doesn't pass access control check: No 'Access-Control-Allow-Origin' header is present on the requested resource. @ http://localhost:9292/products/hardwell-maddix-revealed-a-c-i-d-oversized-t-shirt-black:0
[   84184ms] [ERROR] Failed to load resource: net::ERR_FAILED @ https://trgcj0-r0.myshopify.com/api/collect:0
[   89544ms] [ERROR] Access to fetch at 'https://trgcj0-r0.myshopify.com/api/collect' from origin 'http://localhost:9292' has been blocked by CORS policy: Response to preflight request doesn't pass access control check: No 'Access-Control-Allow-Origin' header is present on the requested resource. @ http://localhost:9292/products/hardwell-maddix-revealed-a-c-i-d-oversized-t-shirt-black:0
[   89544ms] [ERROR] Failed to load resource: net::ERR_FAILED @ https://trgcj0-r0.myshopify.com/api/collect:0
[   94907ms] [ERROR] Access to fetch at 'https://trgcj0-r0.myshopify.com/api/collect' from origin 'http://localhost:9292' has been blocked by CORS policy: Response to preflight request doesn't pass access control check: No 'Access-Control-Allow-Origin' header is present on the requested resource. @ http://localhost:9292/products/hardwell-maddix-revealed-a-c-i-d-oversized-t-shirt-black:0
[   94907ms] [ERROR] Failed to load resource: net::ERR_FAILED @ https://trgcj0-r0.myshopify.com/api/collect:0
[  100316ms] [ERROR] Access to fetch at 'https://trgcj0-r0.myshopify.com/api/collect' from origin 'http://localhost:9292' has been blocked by CORS policy: Response to preflight request doesn't pass access control check: No 'Access-Control-Allow-Origin' header is present on the requested resource. @ http://localhost:9292/products/hardwell-maddix-revealed-a-c-i-d-oversized-t-shirt-black:0
[  100316ms] [ERROR] Failed to load resource: net::ERR_FAILED @ https://trgcj0-r0.myshopify.com/api/collect:0
[  105699ms] [ERROR] Access to fetch at 'https://trgcj0-r0.myshopify.com/api/collect' from origin 'http://localhost:9292' has been blocked by CORS policy: Response to preflight request doesn't pass access control check: No 'Access-Control-Allow-Origin' header is present on the requested resource. @ http://localhost:9292/products/hardwell-maddix-revealed-a-c-i-d-oversized-t-shirt-black:0
[  105700ms] [ERROR] Failed to load resource: net::ERR_FAILED @ https://trgcj0-r0.myshopify.com/api/collect:0
[  111080ms] [ERROR] Access to fetch at 'https://trgcj0-r0.myshopify.com/api/collect' from origin 'http://localhost:9292' has been blocked by CORS policy: Response to preflight request doesn't pass access control check: No 'Access-Control-Allow-Origin' header is present on the requested resource. @ http://localhost:9292/products/hardwell-maddix-revealed-a-c-i-d-oversized-t-shirt-black:0
[  111080ms] [ERROR] Failed to load resource: net::ERR_FAILED @ https://trgcj0-r0.myshopify.com/api/collect:0
[  116533ms] [ERROR] Access to fetch at 'https://trgcj0-r0.myshopify.com/api/collect' from origin 'http://localhost:9292' has been blocked by CORS policy: Response to preflight request doesn't pass access control check: No 'Access-Control-Allow-Origin' header is present on the requested resource. @ http://localhost:9292/products/hardwell-maddix-revealed-a-c-i-d-oversized-t-shirt-black:0
[  116533ms] [ERROR] Failed to load resource: net::ERR_FAILED @ https://trgcj0-r0.myshopify.com/api/collect:0
[  121934ms] [ERROR] Access to fetch at 'https://trgcj0-r0.myshopify.com/api/collect' from origin 'http://localhost:9292' has been blocked by CORS policy: Response to preflight request doesn't pass access control check: No 'Access-Control-Allow-Origin' header is present on the requested resource. @ http://localhost:9292/products/hardwell-maddix-revealed-a-c-i-d-oversized-t-shirt-black:0
[  121934ms] [ERROR] Failed to load resource: net::ERR_FAILED @ https://trgcj0-r0.myshopify.com/api/collect:0
[  127355ms] [ERROR] Access to fetch at 'https://trgcj0-r0.myshopify.com/api/collect' from origin 'http://localhost:9292' has been blocked by CORS policy: Response to preflight request doesn't pass access control check: No 'Access-Control-Allow-Origin' header is present on the requested resource. @ http://localhost:9292/products/hardwell-maddix-revealed-a-c-i-d-oversized-t-shirt-black:0
[  127355ms] [ERROR] Failed to load resource: net::ERR_FAILED @ https://trgcj0-r0.myshopify.com/api/collect:0
[  132801ms] [ERROR] Access to fetch at 'https://trgcj0-r0.myshopify.com/api/collect' from origin 'http://localhost:9292' has been blocked by CORS policy: Response to preflight request doesn't pass access control check: No 'Access-Control-Allow-Origin' header is present on the requested resource. @ http://localhost:9292/products/hardwell-maddix-revealed-a-c-i-d-oversized-t-shirt-black:0
[  132801ms] [ERROR] Failed to load resource: net::ERR_FAILED @ https://trgcj0-r0.myshopify.com/api/collect:0
[  138189ms] [ERROR] Access to fetch at 'https://trgcj0-r0.myshopify.com/api/collect' from origin 'http://localhost:9292' has been blocked by CORS policy: Response to preflight request doesn't pass access control check: No 'Access-Control-Allow-Origin' header is present on the requested resource. @ http://localhost:9292/products/hardwell-maddix-revealed-a-c-i-d-oversized-t-shirt-black:0
[  138189ms] [ERROR] Failed to load resource: net::ERR_FAILED @ https://trgcj0-r0.myshopify.com/api/collect:0
[  143549ms] [ERROR] Access to fetch at 'https://trgcj0-r0.myshopify.com/api/collect' from origin 'http://localhost:9292' has been blocked by CORS policy: Response to preflight request doesn't pass access control check: No 'Access-Control-Allow-Origin' header is present on the requested resource. @ http://localhost:9292/products/hardwell-maddix-revealed-a-c-i-d-oversized-t-shirt-black:0
[  143549ms] [ERROR] Failed to load resource: net::ERR_FAILED @ https://trgcj0-r0.myshopify.com/api/collect:0
[  148934ms] [ERROR] Access to fetch at 'https://trgcj0-r0.myshopify.com/api/collect' from origin 'http://localhost:9292' has been blocked by CORS policy: Response to preflight request doesn't pass access control check: No 'Access-Control-Allow-Origin' header is present on the requested resource. @ http://localhost:9292/products/hardwell-maddix-revealed-a-c-i-d-oversized-t-shirt-black:0
[  148934ms] [ERROR] Failed to load resource: net::ERR_FAILED @ https://trgcj0-r0.myshopify.com/api/collect:0
[  154292ms] [ERROR] Access to fetch at 'https://trgcj0-r0.myshopify.com/api/collect' from origin 'http://localhost:9292' has been blocked by CORS policy: Response to preflight request doesn't pass access control check: No 'Access-Control-Allow-Origin' header is present on the requested resource. @ http://localhost:9292/products/hardwell-maddix-revealed-a-c-i-d-oversized-t-shirt-black:0
[  154292ms] [ERROR] Failed to load resource: net::ERR_FAILED @ https://trgcj0-r0.myshopify.com/api/collect:0
[  159685ms] [ERROR] Access to fetch at 'https://trgcj0-r0.myshopify.com/api/collect' from origin 'http://localhost:9292' has been blocked by CORS policy: Response to preflight request doesn't pass access control check: No 'Access-Control-Allow-Origin' header is present on the requested resource. @ http://localhost:9292/products/hardwell-maddix-revealed-a-c-i-d-oversized-t-shirt-black:0
[  159685ms] [ERROR] Failed to load resource: net::ERR_FAILED @ https://trgcj0-r0.myshopify.com/api/collect:0
[  165072ms] [ERROR] Access to fetch at 'https://trgcj0-r0.myshopify.com/api/collect' from origin 'http://localhost:9292' has been blocked by CORS policy: Response to preflight request doesn't pass access control check: No 'Access-Control-Allow-Origin' header is present on the requested resource. @ http://localhost:9292/products/hardwell-maddix-revealed-a-c-i-d-oversized-t-shirt-black:0
[  165072ms] [ERROR] Failed to load resource: net::ERR_FAILED @ https://trgcj0-r0.myshopify.com/api/collect:0
[  170521ms] [ERROR] Access to fetch at 'https://trgcj0-r0.myshopify.com/api/collect' from origin 'http://localhost:9292' has been blocked by CORS policy: Response to preflight request doesn't pass access control check: No 'Access-Control-Allow-Origin' header is present on the requested resource. @ http://localhost:9292/products/hardwell-maddix-revealed-a-c-i-d-oversized-t-shirt-black:0
[  170521ms] [ERROR] Failed to load resource: net::ERR_FAILED @ https://trgcj0-r0.myshopify.com/api/collect:0
[  175936ms] [ERROR] Access to fetch at 'https://trgcj0-r0.myshopify.com/api/collect' from origin 'http://localhost:9292' has been blocked by CORS policy: Response to preflight request doesn't pass access control check: No 'Access-Control-Allow-Origin' header is present on the requested resource. @ http://localhost:9292/products/hardwell-maddix-revealed-a-c-i-d-oversized-t-shirt-black:0
[  175936ms] [ERROR] Failed to load resource: net::ERR_FAILED @ https://trgcj0-r0.myshopify.com/api/collect:0
[  181404ms] [ERROR] Access to fetch at 'https://trgcj0-r0.myshopify.com/api/collect' from origin 'http://localhost:9292' has been blocked by CORS policy: Response to preflight request doesn't pass access control check: No 'Access-Control-Allow-Origin' header is present on the requested resource. @ http://localhost:9292/products/hardwell-maddix-revealed-a-c-i-d-oversized-t-shirt-black:0
[  181404ms] [ERROR] Failed to load resource: net::ERR_FAILED @ https://trgcj0-r0.myshopify.com/api/collect:0
[  186790ms] [ERROR] Access to fetch at 'https://trgcj0-r0.myshopify.com/api/collect' from origin 'http://localhost:9292' has been blocked by CORS policy: Response to preflight request doesn't pass access control check: No 'Access-Control-Allow-Origin' header is present on the requested resource. @ http://localhost:9292/products/hardwell-maddix-revealed-a-c-i-d-oversized-t-shirt-black:0
[  186790ms] [ERROR] Failed to load resource: net::ERR_FAILED @ https://trgcj0-r0.myshopify.com/api/collect:0
[  192192ms] [ERROR] Access to fetch at 'https://trgcj0-r0.myshopify.com/api/collect' from origin 'http://localhost:9292' has been blocked by CORS policy: Response to preflight request doesn't pass access control check: No 'Access-Control-Allow-Origin' header is present on the requested resource. @ http://localhost:9292/products/hardwell-maddix-revealed-a-c-i-d-oversized-t-shirt-black:0
[  192192ms] [ERROR] Failed to load resource: net::ERR_FAILED @ https://trgcj0-r0.myshopify.com/api/collect:0
[  197565ms] [ERROR] Access to fetch at 'https://trgcj0-r0.myshopify.com/api/collect' from origin 'http://localhost:9292' has been blocked by CORS policy: Response to preflight request doesn't pass access control check: No 'Access-Control-Allow-Origin' header is present on the requested resource. @ http://localhost:9292/products/hardwell-maddix-revealed-a-c-i-d-oversized-t-shirt-black:0
[  197565ms] [ERROR] Failed to load resource: net::ERR_FAILED @ https://trgcj0-r0.myshopify.com/api/collect:0
[  203030ms] [ERROR] Access to fetch at 'https://trgcj0-r0.myshopify.com/api/collect' from origin 'http://localhost:9292' has been blocked by CORS policy: Response to preflight request doesn't pass access control check: No 'Access-Control-Allow-Origin' header is present on the requested resource. @ http://localhost:9292/products/hardwell-maddix-revealed-a-c-i-d-oversized-t-shirt-black:0
[  203030ms] [ERROR] Failed to load resource: net::ERR_FAILED @ https://trgcj0-r0.myshopify.com/api/collect:0
[  208446ms] [ERROR] Access to fetch at 'https://trgcj0-r0.myshopify.com/api/collect' from origin 'http://localhost:9292' has been blocked by CORS policy: Response to preflight request doesn't pass access control check: No 'Access-Control-Allow-Origin' header is present on the requested resource. @ http://localhost:9292/products/hardwell-maddix-revealed-a-c-i-d-oversized-t-shirt-black:0
[  208447ms] [ERROR] Failed to load resource: net::ERR_FAILED @ https://trgcj0-r0.myshopify.com/api/collect:0
[  213921ms] [ERROR] Access to fetch at 'https://trgcj0-r0.myshopify.com/api/collect' from origin 'http://localhost:9292' has been blocked by CORS policy: Response to preflight request doesn't pass access control check: No 'Access-Control-Allow-Origin' header is present on the requested resource. @ http://localhost:9292/products/hardwell-maddix-revealed-a-c-i-d-oversized-t-shirt-black:0
[  213922ms] [ERROR] Failed to load resource: net::ERR_FAILED @ https://trgcj0-r0.myshopify.com/api/collect:0
[  219612ms] [ERROR] Access to fetch at 'https://trgcj0-r0.myshopify.com/api/collect' from origin 'http://localhost:9292' has been blocked by CORS policy: Response to preflight request doesn't pass access control check: No 'Access-Control-Allow-Origin' header is present on the requested resource. @ http://localhost:9292/products/hardwell-maddix-revealed-a-c-i-d-oversized-t-shirt-black:0
[  219612ms] [ERROR] Failed to load resource: net::ERR_FAILED @ https://trgcj0-r0.myshopify.com/api/collect:0
[  225059ms] [ERROR] Access to fetch at 'https://trgcj0-r0.myshopify.com/api/collect' from origin 'http://localhost:9292' has been blocked by CORS policy: Response to preflight request doesn't pass access control check: No 'Access-Control-Allow-Origin' header is present on the requested resource. @ http://localhost:9292/products/hardwell-maddix-revealed-a-c-i-d-oversized-t-shirt-black:0
[  225059ms] [ERROR] Failed to load resource: net::ERR_FAILED @ https://trgcj0-r0.myshopify.com/api/collect:0
[  230898ms] [ERROR] Access to fetch at 'https://trgcj0-r0.myshopify.com/api/collect' from origin 'http://localhost:9292' has been blocked by CORS policy: Response to preflight request doesn't pass access control check: No 'Access-Control-Allow-Origin' header is present on the requested resource. @ http://localhost:9292/products/hardwell-maddix-revealed-a-c-i-d-oversized-t-shirt-black:0
[  230898ms] [ERROR] Failed to load resource: net::ERR_FAILED @ https://trgcj0-r0.myshopify.com/api/collect:0
[  236271ms] [ERROR] Access to fetch at 'https://trgcj0-r0.myshopify.com/api/collect' from origin 'http://localhost:9292' has been blocked by CORS policy: Response to preflight request doesn't pass access control check: No 'Access-Control-Allow-Origin' header is present on the requested resource. @ http://localhost:9292/products/hardwell-maddix-revealed-a-c-i-d-oversized-t-shirt-black:0
[  236271ms] [ERROR] Failed to load resource: net::ERR_FAILED @ https://trgcj0-r0.myshopify.com/api/collect:0
[  241661ms] [ERROR] Access to fetch at 'https://trgcj0-r0.myshopify.com/api/collect' from origin 'http://localhost:9292' has been blocked by CORS policy: Response to preflight request doesn't pass access control check: No 'Access-Control-Allow-Origin' header is present on the requested resource. @ http://localhost:9292/products/hardwell-maddix-revealed-a-c-i-d-oversized-t-shirt-black:0
[  241662ms] [ERROR] Failed to load resource: net::ERR_FAILED @ https://trgcj0-r0.myshopify.com/api/collect:0
[  247074ms] [ERROR] Access to fetch at 'https://trgcj0-r0.myshopify.com/api/collect' from origin 'http://localhost:9292' has been blocked by CORS policy: Response to preflight request doesn't pass access control check: No 'Access-Control-Allow-Origin' header is present on the requested resource. @ http://localhost:9292/products/hardwell-maddix-revealed-a-c-i-d-oversized-t-shirt-black:0
[  247075ms] [ERROR] Failed to load resource: net::ERR_FAILED @ https://trgcj0-r0.myshopify.com/api/collect:0
[  252496ms] [ERROR] Access to fetch at 'https://trgcj0-r0.myshopify.com/api/collect' from origin 'http://localhost:9292' has been blocked by CORS policy: Response to preflight request doesn't pass access control check: No 'Access-Control-Allow-Origin' header is present on the requested resource. @ http://localhost:9292/products/hardwell-maddix-revealed-a-c-i-d-oversized-t-shirt-black:0
[  252496ms] [ERROR] Failed to load resource: net::ERR_FAILED @ https://trgcj0-r0.myshopify.com/api/collect:0
[  257866ms] [ERROR] Access to fetch at 'https://trgcj0-r0.myshopify.com/api/collect' from origin 'http://localhost:9292' has been blocked by CORS policy: Response to preflight request doesn't pass access control check: No 'Access-Control-Allow-Origin' header is present on the requested resource. @ http://localhost:9292/products/hardwell-maddix-revealed-a-c-i-d-oversized-t-shirt-black:0
[  257866ms] [ERROR] Failed to load resource: net::ERR_FAILED @ https://trgcj0-r0.myshopify.com/api/collect:0
[  263254ms] [ERROR] Access to fetch at 'https://trgcj0-r0.myshopify.com/api/collect' from origin 'http://localhost:9292' has been blocked by CORS policy: Response to preflight request doesn't pass access control check: No 'Access-Control-Allow-Origin' header is present on the requested resource. @ http://localhost:9292/products/hardwell-maddix-revealed-a-c-i-d-oversized-t-shirt-black:0
[  263254ms] [ERROR] Failed to load resource: net::ERR_FAILED @ https://trgcj0-r0.myshopify.com/api/collect:0
[  268625ms] [ERROR] Access to fetch at 'https://trgcj0-r0.myshopify.com/api/collect' from origin 'http://localhost:9292' has been blocked by CORS policy: Response to preflight request doesn't pass access control check: No 'Access-Control-Allow-Origin' header is present on the requested resource. @ http://localhost:9292/products/hardwell-maddix-revealed-a-c-i-d-oversized-t-shirt-black:0
[  268626ms] [ERROR] Failed to load resource: net::ERR_FAILED @ https://trgcj0-r0.myshopify.com/api/collect:0
[  273996ms] [ERROR] Access to fetch at 'https://trgcj0-r0.myshopify.com/api/collect' from origin 'http://localhost:9292' has been blocked by CORS policy: Response to preflight request doesn't pass access control check: No 'Access-Control-Allow-Origin' header is present on the requested resource. @ http://localhost:9292/products/hardwell-maddix-revealed-a-c-i-d-oversized-t-shirt-black:0
[  273996ms] [ERROR] Failed to load resource: net::ERR_FAILED @ https://trgcj0-r0.myshopify.com/api/collect:0
[  279361ms] [ERROR] Access to fetch at 'https://trgcj0-r0.myshopify.com/api/collect' from origin 'http://localhost:9292' has been blocked by CORS policy: Response to preflight request doesn't pass access control check: No 'Access-Control-Allow-Origin' header is present on the requested resource. @ http://localhost:9292/products/hardwell-maddix-revealed-a-c-i-d-oversized-t-shirt-black:0
[  279362ms] [ERROR] Failed to load resource: net::ERR_FAILED @ https://trgcj0-r0.myshopify.com/api/collect:0
[  284728ms] [ERROR] Access to fetch at 'https://trgcj0-r0.myshopify.com/api/collect' from origin 'http://localhost:9292' has been blocked by CORS policy: Response to preflight request doesn't pass access control check: No 'Access-Control-Allow-Origin' header is present on the requested resource. @ http://localhost:9292/products/hardwell-maddix-revealed-a-c-i-d-oversized-t-shirt-black:0
[  284729ms] [ERROR] Failed to load resource: net::ERR_FAILED @ https://trgcj0-r0.myshopify.com/api/collect:0
[  290085ms] [ERROR] Access to fetch at 'https://trgcj0-r0.myshopify.com/api/collect' from origin 'http://localhost:9292' has been blocked by CORS policy: Response to preflight request doesn't pass access control check: No 'Access-Control-Allow-Origin' header is present on the requested resource. @ http://localhost:9292/products/hardwell-maddix-revealed-a-c-i-d-oversized-t-shirt-black:0
[  290085ms] [ERROR] Failed to load resource: net::ERR_FAILED @ https://trgcj0-r0.myshopify.com/api/collect:0
[  295491ms] [ERROR] Access to fetch at 'https://trgcj0-r0.myshopify.com/api/collect' from origin 'http://localhost:9292' has been blocked by CORS policy: Response to preflight request doesn't pass access control check: No 'Access-Control-Allow-Origin' header is present on the requested resource. @ http://localhost:9292/products/hardwell-maddix-revealed-a-c-i-d-oversized-t-shirt-black:0
[  295492ms] [ERROR] Failed to load resource: net::ERR_FAILED @ https://trgcj0-r0.myshopify.com/api/collect:0
[  300864ms] [ERROR] Access to fetch at 'https://trgcj0-r0.myshopify.com/api/collect' from origin 'http://localhost:9292' has been blocked by CORS policy: Response to preflight request doesn't pass access control check: No 'Access-Control-Allow-Origin' header is present on the requested resource. @ http://localhost:9292/products/hardwell-maddix-revealed-a-c-i-d-oversized-t-shirt-black:0
[  300865ms] [ERROR] Failed to load resource: net::ERR_FAILED @ https://trgcj0-r0.myshopify.com/api/collect:0
[  306231ms] [ERROR] Access to fetch at 'https://trgcj0-r0.myshopify.com/api/collect' from origin 'http://localhost:9292' has been blocked by CORS policy: Response to preflight request doesn't pass access control check: No 'Access-Control-Allow-Origin' header is present on the requested resource. @ http://localhost:9292/products/hardwell-maddix-revealed-a-c-i-d-oversized-t-shirt-black:0
[  306231ms] [ERROR] Failed to load resource: net::ERR_FAILED @ https://trgcj0-r0.myshopify.com/api/collect:0
[  311625ms] [ERROR] Access to fetch at 'https://trgcj0-r0.myshopify.com/api/collect' from origin 'http://localhost:9292' has been blocked by CORS policy: Response to preflight request doesn't pass access control check: No 'Access-Control-Allow-Origin' header is present on the requested resource. @ http://localhost:9292/products/hardwell-maddix-revealed-a-c-i-d-oversized-t-shirt-black:0
[  311625ms] [ERROR] Failed to load resource: net::ERR_FAILED @ https://trgcj0-r0.myshopify.com/api/collect:0
[  317002ms] [ERROR] Access to fetch at 'https://trgcj0-r0.myshopify.com/api/collect' from origin 'http://localhost:9292' has been blocked by CORS policy: Response to preflight request doesn't pass access control check: No 'Access-Control-Allow-Origin' header is present on the requested resource. @ http://localhost:9292/products/hardwell-maddix-revealed-a-c-i-d-oversized-t-shirt-black:0
[  317002ms] [ERROR] Failed to load resource: net::ERR_FAILED @ https://trgcj0-r0.myshopify.com/api/collect:0
[  322391ms] [ERROR] Access to fetch at 'https://trgcj0-r0.myshopify.com/api/collect' from origin 'http://localhost:9292' has been blocked by CORS policy: Response to preflight request doesn't pass access control check: No 'Access-Control-Allow-Origin' header is present on the requested resource. @ http://localhost:9292/products/hardwell-maddix-revealed-a-c-i-d-oversized-t-shirt-black:0
[  322391ms] [ERROR] Failed to load resource: net::ERR_FAILED @ https://trgcj0-r0.myshopify.com/api/collect:0
[  327845ms] [ERROR] Access to fetch at 'https://trgcj0-r0.myshopify.com/api/collect' from origin 'http://localhost:9292' has been blocked by CORS policy: Response to preflight request doesn't pass access control check: No 'Access-Control-Allow-Origin' header is present on the requested resource. @ http://localhost:9292/products/hardwell-maddix-revealed-a-c-i-d-oversized-t-shirt-black:0
[  327845ms] [ERROR] Failed to load resource: net::ERR_FAILED @ https://trgcj0-r0.myshopify.com/api/collect:0
[  333240ms] [ERROR] Access to fetch at 'https://trgcj0-r0.myshopify.com/api/collect' from origin 'http://localhost:9292' has been blocked by CORS policy: Response to preflight request doesn't pass access control check: No 'Access-Control-Allow-Origin' header is present on the requested resource. @ http://localhost:9292/products/hardwell-maddix-revealed-a-c-i-d-oversized-t-shirt-black:0
[  333240ms] [ERROR] Failed to load resource: net::ERR_FAILED @ https://trgcj0-r0.myshopify.com/api/collect:0
[  338619ms] [ERROR] Access to fetch at 'https://trgcj0-r0.myshopify.com/api/collect' from origin 'http://localhost:9292' has been blocked by CORS policy: Response to preflight request doesn't pass access control check: No 'Access-Control-Allow-Origin' header is present on the requested resource. @ http://localhost:9292/products/hardwell-maddix-revealed-a-c-i-d-oversized-t-shirt-black:0
[  338619ms] [ERROR] Failed to load resource: net::ERR_FAILED @ https://trgcj0-r0.myshopify.com/api/collect:0
[  343991ms] [ERROR] Access to fetch at 'https://trgcj0-r0.myshopify.com/api/collect' from origin 'http://localhost:9292' has been blocked by CORS policy: Response to preflight request doesn't pass access control check: No 'Access-Control-Allow-Origin' header is present on the requested resource. @ http://localhost:9292/products/hardwell-maddix-revealed-a-c-i-d-oversized-t-shirt-black:0
[  343991ms] [ERROR] Failed to load resource: net::ERR_FAILED @ https://trgcj0-r0.myshopify.com/api/collect:0
[  349356ms] [ERROR] Access to fetch at 'https://trgcj0-r0.myshopify.com/api/collect' from origin 'http://localhost:9292' has been blocked by CORS policy: Response to preflight request doesn't pass access control check: No 'Access-Control-Allow-Origin' header is present on the requested resource. @ http://localhost:9292/products/hardwell-maddix-revealed-a-c-i-d-oversized-t-shirt-black:0
[  349356ms] [ERROR] Failed to load resource: net::ERR_FAILED @ https://trgcj0-r0.myshopify.com/api/collect:0
[  354802ms] [ERROR] Access to fetch at 'https://trgcj0-r0.myshopify.com/api/collect' from origin 'http://localhost:9292' has been blocked by CORS policy: Response to preflight request doesn't pass access control check: No 'Access-Control-Allow-Origin' header is present on the requested resource. @ http://localhost:9292/products/hardwell-maddix-revealed-a-c-i-d-oversized-t-shirt-black:0
[  354802ms] [ERROR] Failed to load resource: net::ERR_FAILED @ https://trgcj0-r0.myshopify.com/api/collect:0
[  360168ms] [ERROR] Access to fetch at 'https://trgcj0-r0.myshopify.com/api/collect' from origin 'http://localhost:9292' has been blocked by CORS policy: Response to preflight request doesn't pass access control check: No 'Access-Control-Allow-Origin' header is present on the requested resource. @ http://localhost:9292/products/hardwell-maddix-revealed-a-c-i-d-oversized-t-shirt-black:0
[  360168ms] [ERROR] Failed to load resource: net::ERR_FAILED @ https://trgcj0-r0.myshopify.com/api/collect:0
[  365575ms] [ERROR] Access to fetch at 'https://trgcj0-r0.myshopify.com/api/collect' from origin 'http://localhost:9292' has been blocked by CORS policy: Response to preflight request doesn't pass access control check: No 'Access-Control-Allow-Origin' header is present on the requested resource. @ http://localhost:9292/products/hardwell-maddix-revealed-a-c-i-d-oversized-t-shirt-black:0
[  365575ms] [ERROR] Failed to load resource: net::ERR_FAILED @ https://trgcj0-r0.myshopify.com/api/collect:0
[  370992ms] [ERROR] Access to fetch at 'https://trgcj0-r0.myshopify.com/api/collect' from origin 'http://localhost:9292' has been blocked by CORS policy: Response to preflight request doesn't pass access control check: No 'Access-Control-Allow-Origin' header is present on the requested resource. @ http://localhost:9292/products/hardwell-maddix-revealed-a-c-i-d-oversized-t-shirt-black:0
[  370992ms] [ERROR] Failed to load resource: net::ERR_FAILED @ https://trgcj0-r0.myshopify.com/api/collect:0
[  376369ms] [ERROR] Access to fetch at 'https://trgcj0-r0.myshopify.com/api/collect' from origin 'http://localhost:9292' has been blocked by CORS policy: Response to preflight request doesn't pass access control check: No 'Access-Control-Allow-Origin' header is present on the requested resource. @ http://localhost:9292/products/hardwell-maddix-revealed-a-c-i-d-oversized-t-shirt-black:0
[  376369ms] [ERROR] Failed to load resource: net::ERR_FAILED @ https://trgcj0-r0.myshopify.com/api/collect:0
[  381768ms] [ERROR] Access to fetch at 'https://trgcj0-r0.myshopify.com/api/collect' from origin 'http://localhost:9292' has been blocked by CORS policy: Response to preflight request doesn't pass access control check: No 'Access-Control-Allow-Origin' header is present on the requested resource. @ http://localhost:9292/products/hardwell-maddix-revealed-a-c-i-d-oversized-t-shirt-black:0
[  381768ms] [ERROR] Failed to load resource: net::ERR_FAILED @ https://trgcj0-r0.myshopify.com/api/collect:0
[  387149ms] [ERROR] Access to fetch at 'https://trgcj0-r0.myshopify.com/api/collect' from origin 'http://localhost:9292' has been blocked by CORS policy: Response to preflight request doesn't pass access control check: No 'Access-Control-Allow-Origin' header is present on the requested resource. @ http://localhost:9292/products/hardwell-maddix-revealed-a-c-i-d-oversized-t-shirt-black:0
[  387149ms] [ERROR] Failed to load resource: net::ERR_FAILED @ https://trgcj0-r0.myshopify.com/api/collect:0
[  392522ms] [ERROR] Access to fetch at 'https://trgcj0-r0.myshopify.com/api/collect' from origin 'http://localhost:9292' has been blocked by CORS policy: Response to preflight request doesn't pass access control check: No 'Access-Control-Allow-Origin' header is present on the requested resource. @ http://localhost:9292/products/hardwell-maddix-revealed-a-c-i-d-oversized-t-shirt-black:0
[  392522ms] [ERROR] Failed to load resource: net::ERR_FAILED @ https://trgcj0-r0.myshopify.com/api/collect:0
[  397918ms] [ERROR] Access to fetch at 'https://trgcj0-r0.myshopify.com/api/collect' from origin 'http://localhost:9292' has been blocked by CORS policy: Response to preflight request doesn't pass access control check: No 'Access-Control-Allow-Origin' header is present on the requested resource. @ http://localhost:9292/products/hardwell-maddix-revealed-a-c-i-d-oversized-t-shirt-black:0
[  397918ms] [ERROR] Failed to load resource: net::ERR_FAILED @ https://trgcj0-r0.myshopify.com/api/collect:0
[  403400ms] [ERROR] Access to fetch at 'https://trgcj0-r0.myshopify.com/api/collect' from origin 'http://localhost:9292' has been blocked by CORS policy: Response to preflight request doesn't pass access control check: No 'Access-Control-Allow-Origin' header is present on the requested resource. @ http://localhost:9292/products/hardwell-maddix-revealed-a-c-i-d-oversized-t-shirt-black:0
[  403400ms] [ERROR] Failed to load resource: net::ERR_FAILED @ https://trgcj0-r0.myshopify.com/api/collect:0
[  408775ms] [ERROR] Access to fetch at 'https://trgcj0-r0.myshopify.com/api/collect' from origin 'http://localhost:9292' has been blocked by CORS policy: Response to preflight request doesn't pass access control check: No 'Access-Control-Allow-Origin' header is present on the requested resource. @ http://localhost:9292/products/hardwell-maddix-revealed-a-c-i-d-oversized-t-shirt-black:0
[  408775ms] [ERROR] Failed to load resource: net::ERR_FAILED @ https://trgcj0-r0.myshopify.com/api/collect:0
[  414165ms] [ERROR] Access to fetch at 'https://trgcj0-r0.myshopify.com/api/collect' from origin 'http://localhost:9292' has been blocked by CORS policy: Response to preflight request doesn't pass access control check: No 'Access-Control-Allow-Origin' header is present on the requested resource. @ http://localhost:9292/products/hardwell-maddix-revealed-a-c-i-d-oversized-t-shirt-black:0
[  414165ms] [ERROR] Failed to load resource: net::ERR_FAILED @ https://trgcj0-r0.myshopify.com/api/collect:0
[  419578ms] [ERROR] Access to fetch at 'https://trgcj0-r0.myshopify.com/api/collect' from origin 'http://localhost:9292' has been blocked by CORS policy: Response to preflight request doesn't pass access control check: No 'Access-Control-Allow-Origin' header is present on the requested resource. @ http://localhost:9292/products/hardwell-maddix-revealed-a-c-i-d-oversized-t-shirt-black:0
[  419578ms] [ERROR] Failed to load resource: net::ERR_FAILED @ https://trgcj0-r0.myshopify.com/api/collect:0
[  424995ms] [ERROR] Access to fetch at 'https://trgcj0-r0.myshopify.com/api/collect' from origin 'http://localhost:9292' has been blocked by CORS policy: Response to preflight request doesn't pass access control check: No 'Access-Control-Allow-Origin' header is present on the requested resource. @ http://localhost:9292/products/hardwell-maddix-revealed-a-c-i-d-oversized-t-shirt-black:0
[  424995ms] [ERROR] Failed to load resource: net::ERR_FAILED @ https://trgcj0-r0.myshopify.com/api/collect:0
[  430398ms] [ERROR] Access to fetch at 'https://trgcj0-r0.myshopify.com/api/collect' from origin 'http://localhost:9292' has been blocked by CORS policy: Response to preflight request doesn't pass access control check: No 'Access-Control-Allow-Origin' header is present on the requested resource. @ http://localhost:9292/products/hardwell-maddix-revealed-a-c-i-d-oversized-t-shirt-black:0
[  430399ms] [ERROR] Failed to load resource: net::ERR_FAILED @ https://trgcj0-r0.myshopify.com/api/collect:0
[  435842ms] [ERROR] Access to fetch at 'https://trgcj0-r0.myshopify.com/api/collect' from origin 'http://localhost:9292' has been blocked by CORS policy: Response to preflight request doesn't pass access control check: No 'Access-Control-Allow-Origin' header is present on the requested resource. @ http://localhost:9292/products/hardwell-maddix-revealed-a-c-i-d-oversized-t-shirt-black:0
[  435842ms] [ERROR] Failed to load resource: net::ERR_FAILED @ https://trgcj0-r0.myshopify.com/api/collect:0
[  441246ms] [ERROR] Access to fetch at 'https://trgcj0-r0.myshopify.com/api/collect' from origin 'http://localhost:9292' has been blocked by CORS policy: Response to preflight request doesn't pass access control check: No 'Access-Control-Allow-Origin' header is present on the requested resource. @ http://localhost:9292/products/hardwell-maddix-revealed-a-c-i-d-oversized-t-shirt-black:0
[  441246ms] [ERROR] Failed to load resource: net::ERR_FAILED @ https://trgcj0-r0.myshopify.com/api/collect:0
[  447071ms] [ERROR] Access to fetch at 'https://trgcj0-r0.myshopify.com/api/collect' from origin 'http://localhost:9292' has been blocked by CORS policy: Response to preflight request doesn't pass access control check: No 'Access-Control-Allow-Origin' header is present on the requested resource. @ http://localhost:9292/products/hardwell-maddix-revealed-a-c-i-d-oversized-t-shirt-black:0
[  447071ms] [ERROR] Failed to load resource: net::ERR_FAILED @ https://trgcj0-r0.myshopify.com/api/collect:0
[  452444ms] [ERROR] Access to fetch at 'https://trgcj0-r0.myshopify.com/api/collect' from origin 'http://localhost:9292' has been blocked by CORS policy: Response to preflight request doesn't pass access control check: No 'Access-Control-Allow-Origin' header is present on the requested resource. @ http://localhost:9292/products/hardwell-maddix-revealed-a-c-i-d-oversized-t-shirt-black:0
[  452444ms] [ERROR] Failed to load resource: net::ERR_FAILED @ https://trgcj0-r0.myshopify.com/api/collect:0
[  457872ms] [ERROR] Access to fetch at 'https://trgcj0-r0.myshopify.com/api/collect' from origin 'http://localhost:9292' has been blocked by CORS policy: Response to preflight request doesn't pass access control check: No 'Access-Control-Allow-Origin' header is present on the requested resource. @ http://localhost:9292/products/hardwell-maddix-revealed-a-c-i-d-oversized-t-shirt-black:0
[  457872ms] [ERROR] Failed to load resource: net::ERR_FAILED @ https://trgcj0-r0.myshopify.com/api/collect:0
[  463266ms] [ERROR] Access to fetch at 'https://trgcj0-r0.myshopify.com/api/collect' from origin 'http://localhost:9292' has been blocked by CORS policy: Response to preflight request doesn't pass access control check: No 'Access-Control-Allow-Origin' header is present on the requested resource. @ http://localhost:9292/products/hardwell-maddix-revealed-a-c-i-d-oversized-t-shirt-black:0
[  463266ms] [ERROR] Failed to load resource: net::ERR_FAILED @ https://trgcj0-r0.myshopify.com/api/collect:0
[  468706ms] [ERROR] Access to fetch at 'https://trgcj0-r0.myshopify.com/api/collect' from origin 'http://localhost:9292' has been blocked by CORS policy: Response to preflight request doesn't pass access control check: No 'Access-Control-Allow-Origin' header is present on the requested resource. @ http://localhost:9292/products/hardwell-maddix-revealed-a-c-i-d-oversized-t-shirt-black:0
[  468706ms] [ERROR] Failed to load resource: net::ERR_FAILED @ https://trgcj0-r0.myshopify.com/api/collect:0
[  474114ms] [ERROR] Access to fetch at 'https://trgcj0-r0.myshopify.com/api/collect' from origin 'http://localhost:9292' has been blocked by CORS policy: Response to preflight request doesn't pass access control check: No 'Access-Control-Allow-Origin' header is present on the requested resource. @ http://localhost:9292/products/hardwell-maddix-revealed-a-c-i-d-oversized-t-shirt-black:0
[  474114ms] [ERROR] Failed to load resource: net::ERR_FAILED @ https://trgcj0-r0.myshopify.com/api/collect:0
[  479522ms] [ERROR] Access to fetch at 'https://trgcj0-r0.myshopify.com/api/collect' from origin 'http://localhost:9292' has been blocked by CORS policy: Response to preflight request doesn't pass access control check: No 'Access-Control-Allow-Origin' header is present on the requested resource. @ http://localhost:9292/products/hardwell-maddix-revealed-a-c-i-d-oversized-t-shirt-black:0
[  479522ms] [ERROR] Failed to load resource: net::ERR_FAILED @ https://trgcj0-r0.myshopify.com/api/collect:0
[  484892ms] [ERROR] Access to fetch at 'https://trgcj0-r0.myshopify.com/api/collect' from origin 'http://localhost:9292' has been blocked by CORS policy: Response to preflight request doesn't pass access control check: No 'Access-Control-Allow-Origin' header is present on the requested resource. @ http://localhost:9292/products/hardwell-maddix-revealed-a-c-i-d-oversized-t-shirt-black:0
[  484893ms] [ERROR] Failed to load resource: net::ERR_FAILED @ https://trgcj0-r0.myshopify.com/api/collect:0
[  490263ms] [ERROR] Access to fetch at 'https://trgcj0-r0.myshopify.com/api/collect' from origin 'http://localhost:9292' has been blocked by CORS policy: Response to preflight request doesn't pass access control check: No 'Access-Control-Allow-Origin' header is present on the requested resource. @ http://localhost:9292/products/hardwell-maddix-revealed-a-c-i-d-oversized-t-shirt-black:0
[  490263ms] [ERROR] Failed to load resource: net::ERR_FAILED @ https://trgcj0-r0.myshopify.com/api/collect:0
[  495774ms] [ERROR] Access to fetch at 'https://trgcj0-r0.myshopify.com/api/collect' from origin 'http://localhost:9292' has been blocked by CORS policy: Response to preflight request doesn't pass access control check: No 'Access-Control-Allow-Origin' header is present on the requested resource. @ http://localhost:9292/products/hardwell-maddix-revealed-a-c-i-d-oversized-t-shirt-black:0
[  495774ms] [ERROR] Failed to load resource: net::ERR_FAILED @ https://trgcj0-r0.myshopify.com/api/collect:0
[  501164ms] [ERROR] Access to fetch at 'https://trgcj0-r0.myshopify.com/api/collect' from origin 'http://localhost:9292' has been blocked by CORS policy: Response to preflight request doesn't pass access control check: No 'Access-Control-Allow-Origin' header is present on the requested resource. @ http://localhost:9292/products/hardwell-maddix-revealed-a-c-i-d-oversized-t-shirt-black:0
[  501164ms] [ERROR] Failed to load resource: net::ERR_FAILED @ https://trgcj0-r0.myshopify.com/api/collect:0
[  506626ms] [ERROR] Access to fetch at 'https://trgcj0-r0.myshopify.com/api/collect' from origin 'http://localhost:9292' has been blocked by CORS policy: Response to preflight request doesn't pass access control check: No 'Access-Control-Allow-Origin' header is present on the requested resource. @ http://localhost:9292/products/hardwell-maddix-revealed-a-c-i-d-oversized-t-shirt-black:0
[  506626ms] [ERROR] Failed to load resource: net::ERR_FAILED @ https://trgcj0-r0.myshopify.com/api/collect:0
[  512029ms] [ERROR] Access to fetch at 'https://trgcj0-r0.myshopify.com/api/collect' from origin 'http://localhost:9292' has been blocked by CORS policy: Response to preflight request doesn't pass access control check: No 'Access-Control-Allow-Origin' header is present on the requested resource. @ http://localhost:9292/products/hardwell-maddix-revealed-a-c-i-d-oversized-t-shirt-black:0
[  512029ms] [ERROR] Failed to load resource: net::ERR_FAILED @ https://trgcj0-r0.myshopify.com/api/collect:0
[  517456ms] [ERROR] Access to fetch at 'https://trgcj0-r0.myshopify.com/api/collect' from origin 'http://localhost:9292' has been blocked by CORS policy: Response to preflight request doesn't pass access control check: No 'Access-Control-Allow-Origin' header is present on the requested resource. @ http://localhost:9292/products/hardwell-maddix-revealed-a-c-i-d-oversized-t-shirt-black:0
[  517456ms] [ERROR] Failed to load resource: net::ERR_FAILED @ https://trgcj0-r0.myshopify.com/api/collect:0
[  522871ms] [ERROR] Access to fetch at 'https://trgcj0-r0.myshopify.com/api/collect' from origin 'http://localhost:9292' has been blocked by CORS policy: Response to preflight request doesn't pass access control check: No 'Access-Control-Allow-Origin' header is present on the requested resource. @ http://localhost:9292/products/hardwell-maddix-revealed-a-c-i-d-oversized-t-shirt-black:0
[  522871ms] [ERROR] Failed to load resource: net::ERR_FAILED @ https://trgcj0-r0.myshopify.com/api/collect:0
[  528279ms] [ERROR] Access to fetch at 'https://trgcj0-r0.myshopify.com/api/collect' from origin 'http://localhost:9292' has been blocked by CORS policy: Response to preflight request doesn't pass access control check: No 'Access-Control-Allow-Origin' header is present on the requested resource. @ http://localhost:9292/products/hardwell-maddix-revealed-a-c-i-d-oversized-t-shirt-black:0
[  528279ms] [ERROR] Failed to load resource: net::ERR_FAILED @ https://trgcj0-r0.myshopify.com/api/collect:0
[  533642ms] [ERROR] Access to fetch at 'https://trgcj0-r0.myshopify.com/api/collect' from origin 'http://localhost:9292' has been blocked by CORS policy: Response to preflight request doesn't pass access control check: No 'Access-Control-Allow-Origin' header is present on the requested resource. @ http://localhost:9292/products/hardwell-maddix-revealed-a-c-i-d-oversized-t-shirt-black:0
[  533642ms] [ERROR] Failed to load resource: net::ERR_FAILED @ https://trgcj0-r0.myshopify.com/api/collect:0
[  539007ms] [ERROR] Access to fetch at 'https://trgcj0-r0.myshopify.com/api/collect' from origin 'http://localhost:9292' has been blocked by CORS policy: Response to preflight request doesn't pass access control check: No 'Access-Control-Allow-Origin' header is present on the requested resource. @ http://localhost:9292/products/hardwell-maddix-revealed-a-c-i-d-oversized-t-shirt-black:0
[  539007ms] [ERROR] Failed to load resource: net::ERR_FAILED @ https://trgcj0-r0.myshopify.com/api/collect:0
[  544396ms] [ERROR] Access to fetch at 'https://trgcj0-r0.myshopify.com/api/collect' from origin 'http://localhost:9292' has been blocked by CORS policy: Response to preflight request doesn't pass access control check: No 'Access-Control-Allow-Origin' header is present on the requested resource. @ http://localhost:9292/products/hardwell-maddix-revealed-a-c-i-d-oversized-t-shirt-black:0
[  544396ms] [ERROR] Failed to load resource: net::ERR_FAILED @ https://trgcj0-r0.myshopify.com/api/collect:0
[  549825ms] [ERROR] Access to fetch at 'https://trgcj0-r0.myshopify.com/api/collect' from origin 'http://localhost:9292' has been blocked by CORS policy: Response to preflight request doesn't pass access control check: No 'Access-Control-Allow-Origin' header is present on the requested resource. @ http://localhost:9292/products/hardwell-maddix-revealed-a-c-i-d-oversized-t-shirt-black:0
[  549826ms] [ERROR] Failed to load resource: net::ERR_FAILED @ https://trgcj0-r0.myshopify.com/api/collect:0
[  555231ms] [ERROR] Access to fetch at 'https://trgcj0-r0.myshopify.com/api/collect' from origin 'http://localhost:9292' has been blocked by CORS policy: Response to preflight request doesn't pass access control check: No 'Access-Control-Allow-Origin' header is present on the requested resource. @ http://localhost:9292/products/hardwell-maddix-revealed-a-c-i-d-oversized-t-shirt-black:0
[  555231ms] [ERROR] Failed to load resource: net::ERR_FAILED @ https://trgcj0-r0.myshopify.com/api/collect:0
[  560620ms] [ERROR] Access to fetch at 'https://trgcj0-r0.myshopify.com/api/collect' from origin 'http://localhost:9292' has been blocked by CORS policy: Response to preflight request doesn't pass access control check: No 'Access-Control-Allow-Origin' header is present on the requested resource. @ http://localhost:9292/products/hardwell-maddix-revealed-a-c-i-d-oversized-t-shirt-black:0
[  560620ms] [ERROR] Failed to load resource: net::ERR_FAILED @ https://trgcj0-r0.myshopify.com/api/collect:0
[  566032ms] [ERROR] Access to fetch at 'https://trgcj0-r0.myshopify.com/api/collect' from origin 'http://localhost:9292' has been blocked by CORS policy: Response to preflight request doesn't pass access control check: No 'Access-Control-Allow-Origin' header is present on the requested resource. @ http://localhost:9292/products/hardwell-maddix-revealed-a-c-i-d-oversized-t-shirt-black:0
[  566032ms] [ERROR] Failed to load resource: net::ERR_FAILED @ https://trgcj0-r0.myshopify.com/api/collect:0
[  571411ms] [ERROR] Access to fetch at 'https://trgcj0-r0.myshopify.com/api/collect' from origin 'http://localhost:9292' has been blocked by CORS policy: Response to preflight request doesn't pass access control check: No 'Access-Control-Allow-Origin' header is present on the requested resource. @ http://localhost:9292/products/hardwell-maddix-revealed-a-c-i-d-oversized-t-shirt-black:0
[  571411ms] [ERROR] Failed to load resource: net::ERR_FAILED @ https://trgcj0-r0.myshopify.com/api/collect:0
[  576887ms] [ERROR] Access to fetch at 'https://trgcj0-r0.myshopify.com/api/collect' from origin 'http://localhost:9292' has been blocked by CORS policy: Response to preflight request doesn't pass access control check: No 'Access-Control-Allow-Origin' header is present on the requested resource. @ http://localhost:9292/products/hardwell-maddix-revealed-a-c-i-d-oversized-t-shirt-black:0
[  576887ms] [ERROR] Failed to load resource: net::ERR_FAILED @ https://trgcj0-r0.myshopify.com/api/collect:0
[  582284ms] [ERROR] Access to fetch at 'https://trgcj0-r0.myshopify.com/api/collect' from origin 'http://localhost:9292' has been blocked by CORS policy: Response to preflight request doesn't pass access control check: No 'Access-Control-Allow-Origin' header is present on the requested resource. @ http://localhost:9292/products/hardwell-maddix-revealed-a-c-i-d-oversized-t-shirt-black:0
[  582285ms] [ERROR] Failed to load resource: net::ERR_FAILED @ https://trgcj0-r0.myshopify.com/api/collect:0
[  587670ms] [ERROR] Access to fetch at 'https://trgcj0-r0.myshopify.com/api/collect' from origin 'http://localhost:9292' has been blocked by CORS policy: Response to preflight request doesn't pass access control check: No 'Access-Control-Allow-Origin' header is present on the requested resource. @ http://localhost:9292/products/hardwell-maddix-revealed-a-c-i-d-oversized-t-shirt-black:0
[  587670ms] [ERROR] Failed to load resource: net::ERR_FAILED @ https://trgcj0-r0.myshopify.com/api/collect:0
[  593046ms] [ERROR] Access to fetch at 'https://trgcj0-r0.myshopify.com/api/collect' from origin 'http://localhost:9292' has been blocked by CORS policy: Response to preflight request doesn't pass access control check: No 'Access-Control-Allow-Origin' header is present on the requested resource. @ http://localhost:9292/products/hardwell-maddix-revealed-a-c-i-d-oversized-t-shirt-black:0
[  593046ms] [ERROR] Failed to load resource: net::ERR_FAILED @ https://trgcj0-r0.myshopify.com/api/collect:0
[  598412ms] [ERROR] Access to fetch at 'https://trgcj0-r0.myshopify.com/api/collect' from origin 'http://localhost:9292' has been blocked by CORS policy: Response to preflight request doesn't pass access control check: No 'Access-Control-Allow-Origin' header is present on the requested resource. @ http://localhost:9292/products/hardwell-maddix-revealed-a-c-i-d-oversized-t-shirt-black:0
[  598412ms] [ERROR] Failed to load resource: net::ERR_FAILED @ https://trgcj0-r0.myshopify.com/api/collect:0
[  603898ms] [ERROR] Access to fetch at 'https://trgcj0-r0.myshopify.com/api/collect' from origin 'http://localhost:9292' has been blocked by CORS policy: Response to preflight request doesn't pass access control check: No 'Access-Control-Allow-Origin' header is present on the requested resource. @ http://localhost:9292/products/hardwell-maddix-revealed-a-c-i-d-oversized-t-shirt-black:0
[  603899ms] [ERROR] Failed to load resource: net::ERR_FAILED @ https://trgcj0-r0.myshopify.com/api/collect:0
[  609281ms] [ERROR] Access to fetch at 'https://trgcj0-r0.myshopify.com/api/collect' from origin 'http://localhost:9292' has been blocked by CORS policy: Response to preflight request doesn't pass access control check: No 'Access-Control-Allow-Origin' header is present on the requested resource. @ http://localhost:9292/products/hardwell-maddix-revealed-a-c-i-d-oversized-t-shirt-black:0
[  609281ms] [ERROR] Failed to load resource: net::ERR_FAILED @ https://trgcj0-r0.myshopify.com/api/collect:0
[  614888ms] [ERROR] Access to fetch at 'https://trgcj0-r0.myshopify.com/api/collect' from origin 'http://localhost:9292' has been blocked by CORS policy: Response to preflight request doesn't pass access control check: No 'Access-Control-Allow-Origin' header is present on the requested resource. @ http://localhost:9292/products/hardwell-maddix-revealed-a-c-i-d-oversized-t-shirt-black:0
[  614888ms] [ERROR] Failed to load resource: net::ERR_FAILED @ https://trgcj0-r0.myshopify.com/api/collect:0
[  620271ms] [ERROR] Access to fetch at 'https://trgcj0-r0.myshopify.com/api/collect' from origin 'http://localhost:9292' has been blocked by CORS policy: Response to preflight request doesn't pass access control check: No 'Access-Control-Allow-Origin' header is present on the requested resource. @ http://localhost:9292/products/hardwell-maddix-revealed-a-c-i-d-oversized-t-shirt-black:0
[  620272ms] [ERROR] Failed to load resource: net::ERR_FAILED @ https://trgcj0-r0.myshopify.com/api/collect:0
[  625869ms] [ERROR] Access to fetch at 'https://trgcj0-r0.myshopify.com/api/collect' from origin 'http://localhost:9292' has been blocked by CORS policy: Response to preflight request doesn't pass access control check: No 'Access-Control-Allow-Origin' header is present on the requested resource. @ http://localhost:9292/products/hardwell-maddix-revealed-a-c-i-d-oversized-t-shirt-black:0
[  625870ms] [ERROR] Failed to load resource: net::ERR_FAILED @ https://trgcj0-r0.myshopify.com/api/collect:0
[  631242ms] [ERROR] Access to fetch at 'https://trgcj0-r0.myshopify.com/api/collect' from origin 'http://localhost:9292' has been blocked by CORS policy: Response to preflight request doesn't pass access control check: No 'Access-Control-Allow-Origin' header is present on the requested resource. @ http://localhost:9292/products/hardwell-maddix-revealed-a-c-i-d-oversized-t-shirt-black:0
[  631242ms] [ERROR] Failed to load resource: net::ERR_FAILED @ https://trgcj0-r0.myshopify.com/api/collect:0
[  636658ms] [ERROR] Access to fetch at 'https://trgcj0-r0.myshopify.com/api/collect' from origin 'http://localhost:9292' has been blocked by CORS policy: Response to preflight request doesn't pass access control check: No 'Access-Control-Allow-Origin' header is present on the requested resource. @ http://localhost:9292/products/hardwell-maddix-revealed-a-c-i-d-oversized-t-shirt-black:0
[  636658ms] [ERROR] Failed to load resource: net::ERR_FAILED @ https://trgcj0-r0.myshopify.com/api/collect:0
[  642097ms] [ERROR] Access to fetch at 'https://trgcj0-r0.myshopify.com/api/collect' from origin 'http://localhost:9292' has been blocked by CORS policy: Response to preflight request doesn't pass access control check: No 'Access-Control-Allow-Origin' header is present on the requested resource. @ http://localhost:9292/products/hardwell-maddix-revealed-a-c-i-d-oversized-t-shirt-black:0
[  642097ms] [ERROR] Failed to load resource: net::ERR_FAILED @ https://trgcj0-r0.myshopify.com/api/collect:0
[  647487ms] [ERROR] Access to fetch at 'https://trgcj0-r0.myshopify.com/api/collect' from origin 'http://localhost:9292' has been blocked by CORS policy: Response to preflight request doesn't pass access control check: No 'Access-Control-Allow-Origin' header is present on the requested resource. @ http://localhost:9292/products/hardwell-maddix-revealed-a-c-i-d-oversized-t-shirt-black:0
[  647487ms] [ERROR] Failed to load resource: net::ERR_FAILED @ https://trgcj0-r0.myshopify.com/api/collect:0
[  652892ms] [ERROR] Access to fetch at 'https://trgcj0-r0.myshopify.com/api/collect' from origin 'http://localhost:9292' has been blocked by CORS policy: Response to preflight request doesn't pass access control check: No 'Access-Control-Allow-Origin' header is present on the requested resource. @ http://localhost:9292/products/hardwell-maddix-revealed-a-c-i-d-oversized-t-shirt-black:0
[  652892ms] [ERROR] Failed to load resource: net::ERR_FAILED @ https://trgcj0-r0.myshopify.com/api/collect:0
[  658310ms] [ERROR] Access to fetch at 'https://trgcj0-r0.myshopify.com/api/collect' from origin 'http://localhost:9292' has been blocked by CORS policy: Response to preflight request doesn't pass access control check: No 'Access-Control-Allow-Origin' header is present on the requested resource. @ http://localhost:9292/products/hardwell-maddix-revealed-a-c-i-d-oversized-t-shirt-black:0
[  658310ms] [ERROR] Failed to load resource: net::ERR_FAILED @ https://trgcj0-r0.myshopify.com/api/collect:0
[  663714ms] [ERROR] Access to fetch at 'https://trgcj0-r0.myshopify.com/api/collect' from origin 'http://localhost:9292' has been blocked by CORS policy: Response to preflight request doesn't pass access control check: No 'Access-Control-Allow-Origin' header is present on the requested resource. @ http://localhost:9292/products/hardwell-maddix-revealed-a-c-i-d-oversized-t-shirt-black:0
[  663715ms] [ERROR] Failed to load resource: net::ERR_FAILED @ https://trgcj0-r0.myshopify.com/api/collect:0
[  669160ms] [ERROR] Access to fetch at 'https://trgcj0-r0.myshopify.com/api/collect' from origin 'http://localhost:9292' has been blocked by CORS policy: Response to preflight request doesn't pass access control check: No 'Access-Control-Allow-Origin' header is present on the requested resource. @ http://localhost:9292/products/hardwell-maddix-revealed-a-c-i-d-oversized-t-shirt-black:0
[  669160ms] [ERROR] Failed to load resource: net::ERR_FAILED @ https://trgcj0-r0.myshopify.com/api/collect:0
[  674563ms] [ERROR] Access to fetch at 'https://trgcj0-r0.myshopify.com/api/collect' from origin 'http://localhost:9292' has been blocked by CORS policy: Response to preflight request doesn't pass access control check: No 'Access-Control-Allow-Origin' header is present on the requested resource. @ http://localhost:9292/products/hardwell-maddix-revealed-a-c-i-d-oversized-t-shirt-black:0
[  674563ms] [ERROR] Failed to load resource: net::ERR_FAILED @ https://trgcj0-r0.myshopify.com/api/collect:0
[  679944ms] [ERROR] Access to fetch at 'https://trgcj0-r0.myshopify.com/api/collect' from origin 'http://localhost:9292' has been blocked by CORS policy: Response to preflight request doesn't pass access control check: No 'Access-Control-Allow-Origin' header is present on the requested resource. @ http://localhost:9292/products/hardwell-maddix-revealed-a-c-i-d-oversized-t-shirt-black:0
[  679945ms] [ERROR] Failed to load resource: net::ERR_FAILED @ https://trgcj0-r0.myshopify.com/api/collect:0
[  685402ms] [ERROR] Access to fetch at 'https://trgcj0-r0.myshopify.com/api/collect' from origin 'http://localhost:9292' has been blocked by CORS policy: Response to preflight request doesn't pass access control check: No 'Access-Control-Allow-Origin' header is present on the requested resource. @ http://localhost:9292/products/hardwell-maddix-revealed-a-c-i-d-oversized-t-shirt-black:0
[  685402ms] [ERROR] Failed to load resource: net::ERR_FAILED @ https://trgcj0-r0.myshopify.com/api/collect:0
[  690814ms] [ERROR] Access to fetch at 'https://trgcj0-r0.myshopify.com/api/collect' from origin 'http://localhost:9292' has been blocked by CORS policy: Response to preflight request doesn't pass access control check: No 'Access-Control-Allow-Origin' header is present on the requested resource. @ http://localhost:9292/products/hardwell-maddix-revealed-a-c-i-d-oversized-t-shirt-black:0
[  690815ms] [ERROR] Failed to load resource: net::ERR_FAILED @ https://trgcj0-r0.myshopify.com/api/collect:0
[  696190ms] [ERROR] Access to fetch at 'https://trgcj0-r0.myshopify.com/api/collect' from origin 'http://localhost:9292' has been blocked by CORS policy: Response to preflight request doesn't pass access control check: No 'Access-Control-Allow-Origin' header is present on the requested resource. @ http://localhost:9292/products/hardwell-maddix-revealed-a-c-i-d-oversized-t-shirt-black:0
[  696190ms] [ERROR] Failed to load resource: net::ERR_FAILED @ https://trgcj0-r0.myshopify.com/api/collect:0
[  701572ms] [ERROR] Access to fetch at 'https://trgcj0-r0.myshopify.com/api/collect' from origin 'http://localhost:9292' has been blocked by CORS policy: Response to preflight request doesn't pass access control check: No 'Access-Control-Allow-Origin' header is present on the requested resource. @ http://localhost:9292/products/hardwell-maddix-revealed-a-c-i-d-oversized-t-shirt-black:0
[  701573ms] [ERROR] Failed to load resource: net::ERR_FAILED @ https://trgcj0-r0.myshopify.com/api/collect:0
[  706975ms] [ERROR] Access to fetch at 'https://trgcj0-r0.myshopify.com/api/collect' from origin 'http://localhost:9292' has been blocked by CORS policy: Response to preflight request doesn't pass access control check: No 'Access-Control-Allow-Origin' header is present on the requested resource. @ http://localhost:9292/products/hardwell-maddix-revealed-a-c-i-d-oversized-t-shirt-black:0
[  706975ms] [ERROR] Failed to load resource: net::ERR_FAILED @ https://trgcj0-r0.myshopify.com/api/collect:0
[  712361ms] [ERROR] Access to fetch at 'https://trgcj0-r0.myshopify.com/api/collect' from origin 'http://localhost:9292' has been blocked by CORS policy: Response to preflight request doesn't pass access control check: No 'Access-Control-Allow-Origin' header is present on the requested resource. @ http://localhost:9292/products/hardwell-maddix-revealed-a-c-i-d-oversized-t-shirt-black:0
[  712361ms] [ERROR] Failed to load resource: net::ERR_FAILED @ https://trgcj0-r0.myshopify.com/api/collect:0
[  717751ms] [ERROR] Access to fetch at 'https://trgcj0-r0.myshopify.com/api/collect' from origin 'http://localhost:9292' has been blocked by CORS policy: Response to preflight request doesn't pass access control check: No 'Access-Control-Allow-Origin' header is present on the requested resource. @ http://localhost:9292/products/hardwell-maddix-revealed-a-c-i-d-oversized-t-shirt-black:0
[  717752ms] [ERROR] Failed to load resource: net::ERR_FAILED @ https://trgcj0-r0.myshopify.com/api/collect:0
[  723157ms] [ERROR] Access to fetch at 'https://trgcj0-r0.myshopify.com/api/collect' from origin 'http://localhost:9292' has been blocked by CORS policy: Response to preflight request doesn't pass access control check: No 'Access-Control-Allow-Origin' header is present on the requested resource. @ http://localhost:9292/products/hardwell-maddix-revealed-a-c-i-d-oversized-t-shirt-black:0
[  723157ms] [ERROR] Failed to load resource: net::ERR_FAILED @ https://trgcj0-r0.myshopify.com/api/collect:0
[  728749ms] [ERROR] Access to fetch at 'https://trgcj0-r0.myshopify.com/api/collect' from origin 'http://localhost:9292' has been blocked by CORS policy: Response to preflight request doesn't pass access control check: No 'Access-Control-Allow-Origin' header is present on the requested resource. @ http://localhost:9292/products/hardwell-maddix-revealed-a-c-i-d-oversized-t-shirt-black:0
[  728749ms] [ERROR] Failed to load resource: net::ERR_FAILED @ https://trgcj0-r0.myshopify.com/api/collect:0
[  734153ms] [ERROR] Access to fetch at 'https://trgcj0-r0.myshopify.com/api/collect' from origin 'http://localhost:9292' has been blocked by CORS policy: Response to preflight request doesn't pass access control check: No 'Access-Control-Allow-Origin' header is present on the requested resource. @ http://localhost:9292/products/hardwell-maddix-revealed-a-c-i-d-oversized-t-shirt-black:0
[  734153ms] [ERROR] Failed to load resource: net::ERR_FAILED @ https://trgcj0-r0.myshopify.com/api/collect:0
[  739577ms] [ERROR] Access to fetch at 'https://trgcj0-r0.myshopify.com/api/collect' from origin 'http://localhost:9292' has been blocked by CORS policy: Response to preflight request doesn't pass access control check: No 'Access-Control-Allow-Origin' header is present on the requested resource. @ http://localhost:9292/products/hardwell-maddix-revealed-a-c-i-d-oversized-t-shirt-black:0
[  739577ms] [ERROR] Failed to load resource: net::ERR_FAILED @ https://trgcj0-r0.myshopify.com/api/collect:0
[  745038ms] [ERROR] Access to fetch at 'https://trgcj0-r0.myshopify.com/api/collect' from origin 'http://localhost:9292' has been blocked by CORS policy: Response to preflight request doesn't pass access control check: No 'Access-Control-Allow-Origin' header is present on the requested resource. @ http://localhost:9292/products/hardwell-maddix-revealed-a-c-i-d-oversized-t-shirt-black:0
[  745038ms] [ERROR] Failed to load resource: net::ERR_FAILED @ https://trgcj0-r0.myshopify.com/api/collect:0
[  750412ms] [ERROR] Access to fetch at 'https://trgcj0-r0.myshopify.com/api/collect' from origin 'http://localhost:9292' has been blocked by CORS policy: Response to preflight request doesn't pass access control check: No 'Access-Control-Allow-Origin' header is present on the requested resource. @ http://localhost:9292/products/hardwell-maddix-revealed-a-c-i-d-oversized-t-shirt-black:0
[  750412ms] [ERROR] Failed to load resource: net::ERR_FAILED @ https://trgcj0-r0.myshopify.com/api/collect:0
[  755826ms] [ERROR] Access to fetch at 'https://trgcj0-r0.myshopify.com/api/collect' from origin 'http://localhost:9292' has been blocked by CORS policy: Response to preflight request doesn't pass access control check: No 'Access-Control-Allow-Origin' header is present on the requested resource. @ http://localhost:9292/products/hardwell-maddix-revealed-a-c-i-d-oversized-t-shirt-black:0
[  755827ms] [ERROR] Failed to load resource: net::ERR_FAILED @ https://trgcj0-r0.myshopify.com/api/collect:0
[  761202ms] [ERROR] Access to fetch at 'https://trgcj0-r0.myshopify.com/api/collect' from origin 'http://localhost:9292' has been blocked by CORS policy: Response to preflight request doesn't pass access control check: No 'Access-Control-Allow-Origin' header is present on the requested resource. @ http://localhost:9292/products/hardwell-maddix-revealed-a-c-i-d-oversized-t-shirt-black:0
[  761202ms] [ERROR] Failed to load resource: net::ERR_FAILED @ https://trgcj0-r0.myshopify.com/api/collect:0
[  766575ms] [ERROR] Access to fetch at 'https://trgcj0-r0.myshopify.com/api/collect' from origin 'http://localhost:9292' has been blocked by CORS policy: Response to preflight request doesn't pass access control check: No 'Access-Control-Allow-Origin' header is present on the requested resource. @ http://localhost:9292/products/hardwell-maddix-revealed-a-c-i-d-oversized-t-shirt-black:0
[  766575ms] [ERROR] Failed to load resource: net::ERR_FAILED @ https://trgcj0-r0.myshopify.com/api/collect:0
[  772630ms] [ERROR] Access to fetch at 'https://trgcj0-r0.myshopify.com/api/collect' from origin 'http://localhost:9292' has been blocked by CORS policy: Response to preflight request doesn't pass access control check: No 'Access-Control-Allow-Origin' header is present on the requested resource. @ http://localhost:9292/products/hardwell-maddix-revealed-a-c-i-d-oversized-t-shirt-black:0
[  772631ms] [ERROR] Failed to load resource: net::ERR_FAILED @ https://trgcj0-r0.myshopify.com/api/collect:0
[  778016ms] [ERROR] Access to fetch at 'https://trgcj0-r0.myshopify.com/api/collect' from origin 'http://localhost:9292' has been blocked by CORS policy: Response to preflight request doesn't pass access control check: No 'Access-Control-Allow-Origin' header is present on the requested resource. @ http://localhost:9292/products/hardwell-maddix-revealed-a-c-i-d-oversized-t-shirt-black:0
[  778016ms] [ERROR] Failed to load resource: net::ERR_FAILED @ https://trgcj0-r0.myshopify.com/api/collect:0
[  783466ms] [ERROR] Access to fetch at 'https://trgcj0-r0.myshopify.com/api/collect' from origin 'http://localhost:9292' has been blocked by CORS policy: Response to preflight request doesn't pass access control check: No 'Access-Control-Allow-Origin' header is present on the requested resource. @ http://localhost:9292/products/hardwell-maddix-revealed-a-c-i-d-oversized-t-shirt-black:0
[  783467ms] [ERROR] Failed to load resource: net::ERR_FAILED @ https://trgcj0-r0.myshopify.com/api/collect:0
[  788861ms] [ERROR] Access to fetch at 'https://trgcj0-r0.myshopify.com/api/collect' from origin 'http://localhost:9292' has been blocked by CORS policy: Response to preflight request doesn't pass access control check: No 'Access-Control-Allow-Origin' header is present on the requested resource. @ http://localhost:9292/products/hardwell-maddix-revealed-a-c-i-d-oversized-t-shirt-black:0
[  788861ms] [ERROR] Failed to load resource: net::ERR_FAILED @ https://trgcj0-r0.myshopify.com/api/collect:0
[  794223ms] [ERROR] Access to fetch at 'https://trgcj0-r0.myshopify.com/api/collect' from origin 'http://localhost:9292' has been blocked by CORS policy: Response to preflight request doesn't pass access control check: No 'Access-Control-Allow-Origin' header is present on the requested resource. @ http://localhost:9292/products/hardwell-maddix-revealed-a-c-i-d-oversized-t-shirt-black:0
[  794223ms] [ERROR] Failed to load resource: net::ERR_FAILED @ https://trgcj0-r0.myshopify.com/api/collect:0
[  799627ms] [ERROR] Access to fetch at 'https://trgcj0-r0.myshopify.com/api/collect' from origin 'http://localhost:9292' has been blocked by CORS policy: Response to preflight request doesn't pass access control check: No 'Access-Control-Allow-Origin' header is present on the requested resource. @ http://localhost:9292/products/hardwell-maddix-revealed-a-c-i-d-oversized-t-shirt-black:0
[  799627ms] [ERROR] Failed to load resource: net::ERR_FAILED @ https://trgcj0-r0.myshopify.com/api/collect:0
[  805009ms] [ERROR] Access to fetch at 'https://trgcj0-r0.myshopify.com/api/collect' from origin 'http://localhost:9292' has been blocked by CORS policy: Response to preflight request doesn't pass access control check: No 'Access-Control-Allow-Origin' header is present on the requested resource. @ http://localhost:9292/products/hardwell-maddix-revealed-a-c-i-d-oversized-t-shirt-black:0
[  805009ms] [ERROR] Failed to load resource: net::ERR_FAILED @ https://trgcj0-r0.myshopify.com/api/collect:0
[  810370ms] [ERROR] Access to fetch at 'https://trgcj0-r0.myshopify.com/api/collect' from origin 'http://localhost:9292' has been blocked by CORS policy: Response to preflight request doesn't pass access control check: No 'Access-Control-Allow-Origin' header is present on the requested resource. @ http://localhost:9292/products/hardwell-maddix-revealed-a-c-i-d-oversized-t-shirt-black:0
[  810370ms] [ERROR] Failed to load resource: net::ERR_FAILED @ https://trgcj0-r0.myshopify.com/api/collect:0
[  815741ms] [ERROR] Access to fetch at 'https://trgcj0-r0.myshopify.com/api/collect' from origin 'http://localhost:9292' has been blocked by CORS policy: Response to preflight request doesn't pass access control check: No 'Access-Control-Allow-Origin' header is present on the requested resource. @ http://localhost:9292/products/hardwell-maddix-revealed-a-c-i-d-oversized-t-shirt-black:0
[  815741ms] [ERROR] Failed to load resource: net::ERR_FAILED @ https://trgcj0-r0.myshopify.com/api/collect:0
[  821216ms] [ERROR] Access to fetch at 'https://trgcj0-r0.myshopify.com/api/collect' from origin 'http://localhost:9292' has been blocked by CORS policy: Response to preflight request doesn't pass access control check: No 'Access-Control-Allow-Origin' header is present on the requested resource. @ http://localhost:9292/products/hardwell-maddix-revealed-a-c-i-d-oversized-t-shirt-black:0
[  821216ms] [ERROR] Failed to load resource: net::ERR_FAILED @ https://trgcj0-r0.myshopify.com/api/collect:0
[  826636ms] [ERROR] Access to fetch at 'https://trgcj0-r0.myshopify.com/api/collect' from origin 'http://localhost:9292' has been blocked by CORS policy: Response to preflight request doesn't pass access control check: No 'Access-Control-Allow-Origin' header is present on the requested resource. @ http://localhost:9292/products/hardwell-maddix-revealed-a-c-i-d-oversized-t-shirt-black:0
[  826637ms] [ERROR] Failed to load resource: net::ERR_FAILED @ https://trgcj0-r0.myshopify.com/api/collect:0
[  831989ms] [ERROR] Access to fetch at 'https://trgcj0-r0.myshopify.com/api/collect' from origin 'http://localhost:9292' has been blocked by CORS policy: Response to preflight request doesn't pass access control check: No 'Access-Control-Allow-Origin' header is present on the requested resource. @ http://localhost:9292/products/hardwell-maddix-revealed-a-c-i-d-oversized-t-shirt-black:0
[  831989ms] [ERROR] Failed to load resource: net::ERR_FAILED @ https://trgcj0-r0.myshopify.com/api/collect:0
[  837346ms] [ERROR] Access to fetch at 'https://trgcj0-r0.myshopify.com/api/collect' from origin 'http://localhost:9292' has been blocked by CORS policy: Response to preflight request doesn't pass access control check: No 'Access-Control-Allow-Origin' header is present on the requested resource. @ http://localhost:9292/products/hardwell-maddix-revealed-a-c-i-d-oversized-t-shirt-black:0
[  837346ms] [ERROR] Failed to load resource: net::ERR_FAILED @ https://trgcj0-r0.myshopify.com/api/collect:0
[  842719ms] [ERROR] Access to fetch at 'https://trgcj0-r0.myshopify.com/api/collect' from origin 'http://localhost:9292' has been blocked by CORS policy: Response to preflight request doesn't pass access control check: No 'Access-Control-Allow-Origin' header is present on the requested resource. @ http://localhost:9292/products/hardwell-maddix-revealed-a-c-i-d-oversized-t-shirt-black:0
[  842719ms] [ERROR] Failed to load resource: net::ERR_FAILED @ https://trgcj0-r0.myshopify.com/api/collect:0
[  848107ms] [ERROR] Access to fetch at 'https://trgcj0-r0.myshopify.com/api/collect' from origin 'http://localhost:9292' has been blocked by CORS policy: Response to preflight request doesn't pass access control check: No 'Access-Control-Allow-Origin' header is present on the requested resource. @ http://localhost:9292/products/hardwell-maddix-revealed-a-c-i-d-oversized-t-shirt-black:0
[  848107ms] [ERROR] Failed to load resource: net::ERR_FAILED @ https://trgcj0-r0.myshopify.com/api/collect:0
[  853480ms] [ERROR] Access to fetch at 'https://trgcj0-r0.myshopify.com/api/collect' from origin 'http://localhost:9292' has been blocked by CORS policy: Response to preflight request doesn't pass access control check: No 'Access-Control-Allow-Origin' header is present on the requested resource. @ http://localhost:9292/products/hardwell-maddix-revealed-a-c-i-d-oversized-t-shirt-black:0
[  853480ms] [ERROR] Failed to load resource: net::ERR_FAILED @ https://trgcj0-r0.myshopify.com/api/collect:0
[  858843ms] [ERROR] Access to fetch at 'https://trgcj0-r0.myshopify.com/api/collect' from origin 'http://localhost:9292' has been blocked by CORS policy: Response to preflight request doesn't pass access control check: No 'Access-Control-Allow-Origin' header is present on the requested resource. @ http://localhost:9292/products/hardwell-maddix-revealed-a-c-i-d-oversized-t-shirt-black:0
[  858844ms] [ERROR] Failed to load resource: net::ERR_FAILED @ https://trgcj0-r0.myshopify.com/api/collect:0
[  864213ms] [ERROR] Access to fetch at 'https://trgcj0-r0.myshopify.com/api/collect' from origin 'http://localhost:9292' has been blocked by CORS policy: Response to preflight request doesn't pass access control check: No 'Access-Control-Allow-Origin' header is present on the requested resource. @ http://localhost:9292/products/hardwell-maddix-revealed-a-c-i-d-oversized-t-shirt-black:0
[  864213ms] [ERROR] Failed to load resource: net::ERR_FAILED @ https://trgcj0-r0.myshopify.com/api/collect:0
[  869601ms] [ERROR] Access to fetch at 'https://trgcj0-r0.myshopify.com/api/collect' from origin 'http://localhost:9292' has been blocked by CORS policy: Response to preflight request doesn't pass access control check: No 'Access-Control-Allow-Origin' header is present on the requested resource. @ http://localhost:9292/products/hardwell-maddix-revealed-a-c-i-d-oversized-t-shirt-black:0
[  869601ms] [ERROR] Failed to load resource: net::ERR_FAILED @ https://trgcj0-r0.myshopify.com/api/collect:0
[  875180ms] [ERROR] Access to fetch at 'https://trgcj0-r0.myshopify.com/api/collect' from origin 'http://localhost:9292' has been blocked by CORS policy: Response to preflight request doesn't pass access control check: No 'Access-Control-Allow-Origin' header is present on the requested resource. @ http://localhost:9292/products/hardwell-maddix-revealed-a-c-i-d-oversized-t-shirt-black:0
[  875180ms] [ERROR] Failed to load resource: net::ERR_FAILED @ https://trgcj0-r0.myshopify.com/api/collect:0
[  880613ms] [ERROR] Access to fetch at 'https://trgcj0-r0.myshopify.com/api/collect' from origin 'http://localhost:9292' has been blocked by CORS policy: Response to preflight request doesn't pass access control check: No 'Access-Control-Allow-Origin' header is present on the requested resource. @ http://localhost:9292/products/hardwell-maddix-revealed-a-c-i-d-oversized-t-shirt-black:0
[  880613ms] [ERROR] Failed to load resource: net::ERR_FAILED @ https://trgcj0-r0.myshopify.com/api/collect:0
[  886010ms] [ERROR] Access to fetch at 'https://trgcj0-r0.myshopify.com/api/collect' from origin 'http://localhost:9292' has been blocked by CORS policy: Response to preflight request doesn't pass access control check: No 'Access-Control-Allow-Origin' header is present on the requested resource. @ http://localhost:9292/products/hardwell-maddix-revealed-a-c-i-d-oversized-t-shirt-black:0
[  886011ms] [ERROR] Failed to load resource: net::ERR_FAILED @ https://trgcj0-r0.myshopify.com/api/collect:0
[  891446ms] [ERROR] Access to fetch at 'https://trgcj0-r0.myshopify.com/api/collect' from origin 'http://localhost:9292' has been blocked by CORS policy: Response to preflight request doesn't pass access control check: No 'Access-Control-Allow-Origin' header is present on the requested resource. @ http://localhost:9292/products/hardwell-maddix-revealed-a-c-i-d-oversized-t-shirt-black:0
[  891446ms] [ERROR] Failed to load resource: net::ERR_FAILED @ https://trgcj0-r0.myshopify.com/api/collect:0
[  896868ms] [ERROR] Access to fetch at 'https://trgcj0-r0.myshopify.com/api/collect' from origin 'http://localhost:9292' has been blocked by CORS policy: Response to preflight request doesn't pass access control check: No 'Access-Control-Allow-Origin' header is present on the requested resource. @ http://localhost:9292/products/hardwell-maddix-revealed-a-c-i-d-oversized-t-shirt-black:0
[  896868ms] [ERROR] Failed to load resource: net::ERR_FAILED @ https://trgcj0-r0.myshopify.com/api/collect:0
[  902262ms] [ERROR] Access to fetch at 'https://trgcj0-r0.myshopify.com/api/collect' from origin 'http://localhost:9292' has been blocked by CORS policy: Response to preflight request doesn't pass access control check: No 'Access-Control-Allow-Origin' header is present on the requested resource. @ http://localhost:9292/products/hardwell-maddix-revealed-a-c-i-d-oversized-t-shirt-black:0
[  902262ms] [ERROR] Failed to load resource: net::ERR_FAILED @ https://trgcj0-r0.myshopify.com/api/collect:0
[  907697ms] [ERROR] Access to fetch at 'https://trgcj0-r0.myshopify.com/api/collect' from origin 'http://localhost:9292' has been blocked by CORS policy: Response to preflight request doesn't pass access control check: No 'Access-Control-Allow-Origin' header is present on the requested resource. @ http://localhost:9292/products/hardwell-maddix-revealed-a-c-i-d-oversized-t-shirt-black:0
[  907698ms] [ERROR] Failed to load resource: net::ERR_FAILED @ https://trgcj0-r0.myshopify.com/api/collect:0
[  913119ms] [ERROR] Access to fetch at 'https://trgcj0-r0.myshopify.com/api/collect' from origin 'http://localhost:9292' has been blocked by CORS policy: Response to preflight request doesn't pass access control check: No 'Access-Control-Allow-Origin' header is present on the requested resource. @ http://localhost:9292/products/hardwell-maddix-revealed-a-c-i-d-oversized-t-shirt-black:0
[  913120ms] [ERROR] Failed to load resource: net::ERR_FAILED @ https://trgcj0-r0.myshopify.com/api/collect:0
[  918483ms] [ERROR] Access to fetch at 'https://trgcj0-r0.myshopify.com/api/collect' from origin 'http://localhost:9292' has been blocked by CORS policy: Response to preflight request doesn't pass access control check: No 'Access-Control-Allow-Origin' header is present on the requested resource. @ http://localhost:9292/products/hardwell-maddix-revealed-a-c-i-d-oversized-t-shirt-black:0
[  918483ms] [ERROR] Failed to load resource: net::ERR_FAILED @ https://trgcj0-r0.myshopify.com/api/collect:0
[  923855ms] [ERROR] Access to fetch at 'https://trgcj0-r0.myshopify.com/api/collect' from origin 'http://localhost:9292' has been blocked by CORS policy: Response to preflight request doesn't pass access control check: No 'Access-Control-Allow-Origin' header is present on the requested resource. @ http://localhost:9292/products/hardwell-maddix-revealed-a-c-i-d-oversized-t-shirt-black:0
[  923855ms] [ERROR] Failed to load resource: net::ERR_FAILED @ https://trgcj0-r0.myshopify.com/api/collect:0
[  929228ms] [ERROR] Access to fetch at 'https://trgcj0-r0.myshopify.com/api/collect' from origin 'http://localhost:9292' has been blocked by CORS policy: Response to preflight request doesn't pass access control check: No 'Access-Control-Allow-Origin' header is present on the requested resource. @ http://localhost:9292/products/hardwell-maddix-revealed-a-c-i-d-oversized-t-shirt-black:0
[  929228ms] [ERROR] Failed to load resource: net::ERR_FAILED @ https://trgcj0-r0.myshopify.com/api/collect:0
[  934613ms] [ERROR] Access to fetch at 'https://trgcj0-r0.myshopify.com/api/collect' from origin 'http://localhost:9292' has been blocked by CORS policy: Response to preflight request doesn't pass access control check: No 'Access-Control-Allow-Origin' header is present on the requested resource. @ http://localhost:9292/products/hardwell-maddix-revealed-a-c-i-d-oversized-t-shirt-black:0
[  934613ms] [ERROR] Failed to load resource: net::ERR_FAILED @ https://trgcj0-r0.myshopify.com/api/collect:0
[  939975ms] [ERROR] Access to fetch at 'https://trgcj0-r0.myshopify.com/api/collect' from origin 'http://localhost:9292' has been blocked by CORS policy: Response to preflight request doesn't pass access control check: No 'Access-Control-Allow-Origin' header is present on the requested resource. @ http://localhost:9292/products/hardwell-maddix-revealed-a-c-i-d-oversized-t-shirt-black:0
[  939975ms] [ERROR] Failed to load resource: net::ERR_FAILED @ https://trgcj0-r0.myshopify.com/api/collect:0
[  945349ms] [ERROR] Access to fetch at 'https://trgcj0-r0.myshopify.com/api/collect' from origin 'http://localhost:9292' has been blocked by CORS policy: Response to preflight request doesn't pass access control check: No 'Access-Control-Allow-Origin' header is present on the requested resource. @ http://localhost:9292/products/hardwell-maddix-revealed-a-c-i-d-oversized-t-shirt-black:0
[  945349ms] [ERROR] Failed to load resource: net::ERR_FAILED @ https://trgcj0-r0.myshopify.com/api/collect:0
[  950717ms] [ERROR] Access to fetch at 'https://trgcj0-r0.myshopify.com/api/collect' from origin 'http://localhost:9292' has been blocked by CORS policy: Response to preflight request doesn't pass access control check: No 'Access-Control-Allow-Origin' header is present on the requested resource. @ http://localhost:9292/products/hardwell-maddix-revealed-a-c-i-d-oversized-t-shirt-black:0
[  950717ms] [ERROR] Failed to load resource: net::ERR_FAILED @ https://trgcj0-r0.myshopify.com/api/collect:0
[  956112ms] [ERROR] Access to fetch at 'https://trgcj0-r0.myshopify.com/api/collect' from origin 'http://localhost:9292' has been blocked by CORS policy: Response to preflight request doesn't pass access control check: No 'Access-Control-Allow-Origin' header is present on the requested resource. @ http://localhost:9292/products/hardwell-maddix-revealed-a-c-i-d-oversized-t-shirt-black:0
[  956112ms] [ERROR] Failed to load resource: net::ERR_FAILED @ https://trgcj0-r0.myshopify.com/api/collect:0
[  961487ms] [ERROR] Access to fetch at 'https://trgcj0-r0.myshopify.com/api/collect' from origin 'http://localhost:9292' has been blocked by CORS policy: Response to preflight request doesn't pass access control check: No 'Access-Control-Allow-Origin' header is present on the requested resource. @ http://localhost:9292/products/hardwell-maddix-revealed-a-c-i-d-oversized-t-shirt-black:0
[  961487ms] [ERROR] Failed to load resource: net::ERR_FAILED @ https://trgcj0-r0.myshopify.com/api/collect:0
[  967125ms] [ERROR] Access to fetch at 'https://trgcj0-r0.myshopify.com/api/collect' from origin 'http://localhost:9292' has been blocked by CORS policy: Response to preflight request doesn't pass access control check: No 'Access-Control-Allow-Origin' header is present on the requested resource. @ http://localhost:9292/products/hardwell-maddix-revealed-a-c-i-d-oversized-t-shirt-black:0
[  967125ms] [ERROR] Failed to load resource: net::ERR_FAILED @ https://trgcj0-r0.myshopify.com/api/collect:0
[  972502ms] [ERROR] Access to fetch at 'https://trgcj0-r0.myshopify.com/api/collect' from origin 'http://localhost:9292' has been blocked by CORS policy: Response to preflight request doesn't pass access control check: No 'Access-Control-Allow-Origin' header is present on the requested resource. @ http://localhost:9292/products/hardwell-maddix-revealed-a-c-i-d-oversized-t-shirt-black:0
[  972502ms] [ERROR] Failed to load resource: net::ERR_FAILED @ https://trgcj0-r0.myshopify.com/api/collect:0
[  977871ms] [ERROR] Access to fetch at 'https://trgcj0-r0.myshopify.com/api/collect' from origin 'http://localhost:9292' has been blocked by CORS policy: Response to preflight request doesn't pass access control check: No 'Access-Control-Allow-Origin' header is present on the requested resource. @ http://localhost:9292/products/hardwell-maddix-revealed-a-c-i-d-oversized-t-shirt-black:0
[  977871ms] [ERROR] Failed to load resource: net::ERR_FAILED @ https://trgcj0-r0.myshopify.com/api/collect:0
[  983237ms] [ERROR] Access to fetch at 'https://trgcj0-r0.myshopify.com/api/collect' from origin 'http://localhost:9292' has been blocked by CORS policy: Response to preflight request doesn't pass access control check: No 'Access-Control-Allow-Origin' header is present on the requested resource. @ http://localhost:9292/products/hardwell-maddix-revealed-a-c-i-d-oversized-t-shirt-black:0
[  983237ms] [ERROR] Failed to load resource: net::ERR_FAILED @ https://trgcj0-r0.myshopify.com/api/collect:0
[  988619ms] [ERROR] Access to fetch at 'https://trgcj0-r0.myshopify.com/api/collect' from origin 'http://localhost:9292' has been blocked by CORS policy: Response to preflight request doesn't pass access control check: No 'Access-Control-Allow-Origin' header is present on the requested resource. @ http://localhost:9292/products/hardwell-maddix-revealed-a-c-i-d-oversized-t-shirt-black:0
[  988619ms] [ERROR] Failed to load resource: net::ERR_FAILED @ https://trgcj0-r0.myshopify.com/api/collect:0
[  993978ms] [ERROR] Access to fetch at 'https://trgcj0-r0.myshopify.com/api/collect' from origin 'http://localhost:9292' has been blocked by CORS policy: Response to preflight request doesn't pass access control check: No 'Access-Control-Allow-Origin' header is present on the requested resource. @ http://localhost:9292/products/hardwell-maddix-revealed-a-c-i-d-oversized-t-shirt-black:0
[  993978ms] [ERROR] Failed to load resource: net::ERR_FAILED @ https://trgcj0-r0.myshopify.com/api/collect:0
[  999362ms] [ERROR] Access to fetch at 'https://trgcj0-r0.myshopify.com/api/collect' from origin 'http://localhost:9292' has been blocked by CORS policy: Response to preflight request doesn't pass access control check: No 'Access-Control-Allow-Origin' header is present on the requested resource. @ http://localhost:9292/products/hardwell-maddix-revealed-a-c-i-d-oversized-t-shirt-black:0
[  999362ms] [ERROR] Failed to load resource: net::ERR_FAILED @ https://trgcj0-r0.myshopify.com/api/collect:0
[ 1004758ms] [ERROR] Access to fetch at 'https://trgcj0-r0.myshopify.com/api/collect' from origin 'http://localhost:9292' has been blocked by CORS policy: Response to preflight request doesn't pass access control check: No 'Access-Control-Allow-Origin' header is present on the requested resource. @ http://localhost:9292/products/hardwell-maddix-revealed-a-c-i-d-oversized-t-shirt-black:0
[ 1004758ms] [ERROR] Failed to load resource: net::ERR_FAILED @ https://trgcj0-r0.myshopify.com/api/collect:0
[ 1010131ms] [ERROR] Access to fetch at 'https://trgcj0-r0.myshopify.com/api/collect' from origin 'http://localhost:9292' has been blocked by CORS policy: Response to preflight request doesn't pass access control check: No 'Access-Control-Allow-Origin' header is present on the requested resource. @ http://localhost:9292/products/hardwell-maddix-revealed-a-c-i-d-oversized-t-shirt-black:0
[ 1010131ms] [ERROR] Failed to load resource: net::ERR_FAILED @ https://trgcj0-r0.myshopify.com/api/collect:0
[ 1015496ms] [ERROR] Access to fetch at 'https://trgcj0-r0.myshopify.com/api/collect' from origin 'http://localhost:9292' has been blocked by CORS policy: Response to preflight request doesn't pass access control check: No 'Access-Control-Allow-Origin' header is present on the requested resource. @ http://localhost:9292/products/hardwell-maddix-revealed-a-c-i-d-oversized-t-shirt-black:0
[ 1015496ms] [ERROR] Failed to load resource: net::ERR_FAILED @ https://trgcj0-r0.myshopify.com/api/collect:0
[ 1021126ms] [ERROR] Access to fetch at 'https://trgcj0-r0.myshopify.com/api/collect' from origin 'http://localhost:9292' has been blocked by CORS policy: Response to preflight request doesn't pass access control check: No 'Access-Control-Allow-Origin' header is present on the requested resource. @ http://localhost:9292/products/hardwell-maddix-revealed-a-c-i-d-oversized-t-shirt-black:0
[ 1021126ms] [ERROR] Failed to load resource: net::ERR_FAILED @ https://trgcj0-r0.myshopify.com/api/collect:0
[ 1026507ms] [ERROR] Access to fetch at 'https://trgcj0-r0.myshopify.com/api/collect' from origin 'http://localhost:9292' has been blocked by CORS policy: Response to preflight request doesn't pass access control check: No 'Access-Control-Allow-Origin' header is present on the requested resource. @ http://localhost:9292/products/hardwell-maddix-revealed-a-c-i-d-oversized-t-shirt-black:0
[ 1026507ms] [ERROR] Failed to load resource: net::ERR_FAILED @ https://trgcj0-r0.myshopify.com/api/collect:0
[ 1031970ms] [ERROR] Access to fetch at 'https://trgcj0-r0.myshopify.com/api/collect' from origin 'http://localhost:9292' has been blocked by CORS policy: Response to preflight request doesn't pass access control check: No 'Access-Control-Allow-Origin' header is present on the requested resource. @ http://localhost:9292/products/hardwell-maddix-revealed-a-c-i-d-oversized-t-shirt-black:0
[ 1031970ms] [ERROR] Failed to load resource: net::ERR_FAILED @ https://trgcj0-r0.myshopify.com/api/collect:0
[ 1037379ms] [ERROR] Access to fetch at 'https://trgcj0-r0.myshopify.com/api/collect' from origin 'http://localhost:9292' has been blocked by CORS policy: Response to preflight request doesn't pass access control check: No 'Access-Control-Allow-Origin' header is present on the requested resource. @ http://localhost:9292/products/hardwell-maddix-revealed-a-c-i-d-oversized-t-shirt-black:0
[ 1037380ms] [ERROR] Failed to load resource: net::ERR_FAILED @ https://trgcj0-r0.myshopify.com/api/collect:0
[ 1042758ms] [ERROR] Access to fetch at 'https://trgcj0-r0.myshopify.com/api/collect' from origin 'http://localhost:9292' has been blocked by CORS policy: Response to preflight request doesn't pass access control check: No 'Access-Control-Allow-Origin' header is present on the requested resource. @ http://localhost:9292/products/hardwell-maddix-revealed-a-c-i-d-oversized-t-shirt-black:0
[ 1042758ms] [ERROR] Failed to load resource: net::ERR_FAILED @ https://trgcj0-r0.myshopify.com/api/collect:0
[ 1048217ms] [ERROR] Access to fetch at 'https://trgcj0-r0.myshopify.com/api/collect' from origin 'http://localhost:9292' has been blocked by CORS policy: Response to preflight request doesn't pass access control check: No 'Access-Control-Allow-Origin' header is present on the requested resource. @ http://localhost:9292/products/hardwell-maddix-revealed-a-c-i-d-oversized-t-shirt-black:0
[ 1048217ms] [ERROR] Failed to load resource: net::ERR_FAILED @ https://trgcj0-r0.myshopify.com/api/collect:0
[ 1053634ms] [ERROR] Access to fetch at 'https://trgcj0-r0.myshopify.com/api/collect' from origin 'http://localhost:9292' has been blocked by CORS policy: Response to preflight request doesn't pass access control check: No 'Access-Control-Allow-Origin' header is present on the requested resource. @ http://localhost:9292/products/hardwell-maddix-revealed-a-c-i-d-oversized-t-shirt-black:0
[ 1053634ms] [ERROR] Failed to load resource: net::ERR_FAILED @ https://trgcj0-r0.myshopify.com/api/collect:0
[ 1058991ms] [ERROR] Access to fetch at 'https://trgcj0-r0.myshopify.com/api/collect' from origin 'http://localhost:9292' has been blocked by CORS policy: Response to preflight request doesn't pass access control check: No 'Access-Control-Allow-Origin' header is present on the requested resource. @ http://localhost:9292/products/hardwell-maddix-revealed-a-c-i-d-oversized-t-shirt-black:0
[ 1058991ms] [ERROR] Failed to load resource: net::ERR_FAILED @ https://trgcj0-r0.myshopify.com/api/collect:0
[ 1064359ms] [ERROR] Access to fetch at 'https://trgcj0-r0.myshopify.com/api/collect' from origin 'http://localhost:9292' has been blocked by CORS policy: Response to preflight request doesn't pass access control check: No 'Access-Control-Allow-Origin' header is present on the requested resource. @ http://localhost:9292/products/hardwell-maddix-revealed-a-c-i-d-oversized-t-shirt-black:0
[ 1064359ms] [ERROR] Failed to load resource: net::ERR_FAILED @ https://trgcj0-r0.myshopify.com/api/collect:0
[ 1069724ms] [ERROR] Access to fetch at 'https://trgcj0-r0.myshopify.com/api/collect' from origin 'http://localhost:9292' has been blocked by CORS policy: Response to preflight request doesn't pass access control check: No 'Access-Control-Allow-Origin' header is present on the requested resource. @ http://localhost:9292/products/hardwell-maddix-revealed-a-c-i-d-oversized-t-shirt-black:0
[ 1069725ms] [ERROR] Failed to load resource: net::ERR_FAILED @ https://trgcj0-r0.myshopify.com/api/collect:0
[ 1075129ms] [ERROR] Access to fetch at 'https://trgcj0-r0.myshopify.com/api/collect' from origin 'http://localhost:9292' has been blocked by CORS policy: Response to preflight request doesn't pass access control check: No 'Access-Control-Allow-Origin' header is present on the requested resource. @ http://localhost:9292/products/hardwell-maddix-revealed-a-c-i-d-oversized-t-shirt-black:0
[ 1075129ms] [ERROR] Failed to load resource: net::ERR_FAILED @ https://trgcj0-r0.myshopify.com/api/collect:0
[ 1080491ms] [ERROR] Access to fetch at 'https://trgcj0-r0.myshopify.com/api/collect' from origin 'http://localhost:9292' has been blocked by CORS policy: Response to preflight request doesn't pass access control check: No 'Access-Control-Allow-Origin' header is present on the requested resource. @ http://localhost:9292/products/hardwell-maddix-revealed-a-c-i-d-oversized-t-shirt-black:0
[ 1080491ms] [ERROR] Failed to load resource: net::ERR_FAILED @ https://trgcj0-r0.myshopify.com/api/collect:0
[ 1085870ms] [ERROR] Access to fetch at 'https://trgcj0-r0.myshopify.com/api/collect' from origin 'http://localhost:9292' has been blocked by CORS policy: Response to preflight request doesn't pass access control check: No 'Access-Control-Allow-Origin' header is present on the requested resource. @ http://localhost:9292/products/hardwell-maddix-revealed-a-c-i-d-oversized-t-shirt-black:0
[ 1085871ms] [ERROR] Failed to load resource: net::ERR_FAILED @ https://trgcj0-r0.myshopify.com/api/collect:0
[ 1091223ms] [ERROR] Access to fetch at 'https://trgcj0-r0.myshopify.com/api/collect' from origin 'http://localhost:9292' has been blocked by CORS policy: Response to preflight request doesn't pass access control check: No 'Access-Control-Allow-Origin' header is present on the requested resource. @ http://localhost:9292/products/hardwell-maddix-revealed-a-c-i-d-oversized-t-shirt-black:0
[ 1091223ms] [ERROR] Failed to load resource: net::ERR_FAILED @ https://trgcj0-r0.myshopify.com/api/collect:0
[ 1096623ms] [ERROR] Access to fetch at 'https://trgcj0-r0.myshopify.com/api/collect' from origin 'http://localhost:9292' has been blocked by CORS policy: Response to preflight request doesn't pass access control check: No 'Access-Control-Allow-Origin' header is present on the requested resource. @ http://localhost:9292/products/hardwell-maddix-revealed-a-c-i-d-oversized-t-shirt-black:0
[ 1096624ms] [ERROR] Failed to load resource: net::ERR_FAILED @ https://trgcj0-r0.myshopify.com/api/collect:0
[ 1102010ms] [ERROR] Access to fetch at 'https://trgcj0-r0.myshopify.com/api/collect' from origin 'http://localhost:9292' has been blocked by CORS policy: Response to preflight request doesn't pass access control check: No 'Access-Control-Allow-Origin' header is present on the requested resource. @ http://localhost:9292/products/hardwell-maddix-revealed-a-c-i-d-oversized-t-shirt-black:0
[ 1102010ms] [ERROR] Failed to load resource: net::ERR_FAILED @ https://trgcj0-r0.myshopify.com/api/collect:0
[ 1107460ms] [ERROR] Access to fetch at 'https://trgcj0-r0.myshopify.com/api/collect' from origin 'http://localhost:9292' has been blocked by CORS policy: Response to preflight request doesn't pass access control check: No 'Access-Control-Allow-Origin' header is present on the requested resource. @ http://localhost:9292/products/hardwell-maddix-revealed-a-c-i-d-oversized-t-shirt-black:0
[ 1107460ms] [ERROR] Failed to load resource: net::ERR_FAILED @ https://trgcj0-r0.myshopify.com/api/collect:0
[ 1112879ms] [ERROR] Access to fetch at 'https://trgcj0-r0.myshopify.com/api/collect' from origin 'http://localhost:9292' has been blocked by CORS policy: Response to preflight request doesn't pass access control check: No 'Access-Control-Allow-Origin' header is present on the requested resource. @ http://localhost:9292/products/hardwell-maddix-revealed-a-c-i-d-oversized-t-shirt-black:0
[ 1112880ms] [ERROR] Failed to load resource: net::ERR_FAILED @ https://trgcj0-r0.myshopify.com/api/collect:0
[ 1118259ms] [ERROR] Access to fetch at 'https://trgcj0-r0.myshopify.com/api/collect' from origin 'http://localhost:9292' has been blocked by CORS policy: Response to preflight request doesn't pass access control check: No 'Access-Control-Allow-Origin' header is present on the requested resource. @ http://localhost:9292/products/hardwell-maddix-revealed-a-c-i-d-oversized-t-shirt-black:0
[ 1118259ms] [ERROR] Failed to load resource: net::ERR_FAILED @ https://trgcj0-r0.myshopify.com/api/collect:0
[ 1123711ms] [ERROR] Access to fetch at 'https://trgcj0-r0.myshopify.com/api/collect' from origin 'http://localhost:9292' has been blocked by CORS policy: Response to preflight request doesn't pass access control check: No 'Access-Control-Allow-Origin' header is present on the requested resource. @ http://localhost:9292/products/hardwell-maddix-revealed-a-c-i-d-oversized-t-shirt-black:0
[ 1123711ms] [ERROR] Failed to load resource: net::ERR_FAILED @ https://trgcj0-r0.myshopify.com/api/collect:0
[ 1129135ms] [ERROR] Access to fetch at 'https://trgcj0-r0.myshopify.com/api/collect' from origin 'http://localhost:9292' has been blocked by CORS policy: Response to preflight request doesn't pass access control check: No 'Access-Control-Allow-Origin' header is present on the requested resource. @ http://localhost:9292/products/hardwell-maddix-revealed-a-c-i-d-oversized-t-shirt-black:0
[ 1129135ms] [ERROR] Failed to load resource: net::ERR_FAILED @ https://trgcj0-r0.myshopify.com/api/collect:0
[ 1134510ms] [ERROR] Access to fetch at 'https://trgcj0-r0.myshopify.com/api/collect' from origin 'http://localhost:9292' has been blocked by CORS policy: Response to preflight request doesn't pass access control check: No 'Access-Control-Allow-Origin' header is present on the requested resource. @ http://localhost:9292/products/hardwell-maddix-revealed-a-c-i-d-oversized-t-shirt-black:0
[ 1134510ms] [ERROR] Failed to load resource: net::ERR_FAILED @ https://trgcj0-r0.myshopify.com/api/collect:0
[ 1139979ms] [ERROR] Access to fetch at 'https://trgcj0-r0.myshopify.com/api/collect' from origin 'http://localhost:9292' has been blocked by CORS policy: Response to preflight request doesn't pass access control check: No 'Access-Control-Allow-Origin' header is present on the requested resource. @ http://localhost:9292/products/hardwell-maddix-revealed-a-c-i-d-oversized-t-shirt-black:0
[ 1139979ms] [ERROR] Failed to load resource: net::ERR_FAILED @ https://trgcj0-r0.myshopify.com/api/collect:0
[ 1145386ms] [ERROR] Access to fetch at 'https://trgcj0-r0.myshopify.com/api/collect' from origin 'http://localhost:9292' has been blocked by CORS policy: Response to preflight request doesn't pass access control check: No 'Access-Control-Allow-Origin' header is present on the requested resource. @ http://localhost:9292/products/hardwell-maddix-revealed-a-c-i-d-oversized-t-shirt-black:0
[ 1145386ms] [ERROR] Failed to load resource: net::ERR_FAILED @ https://trgcj0-r0.myshopify.com/api/collect:0
[ 1150767ms] [ERROR] Access to fetch at 'https://trgcj0-r0.myshopify.com/api/collect' from origin 'http://localhost:9292' has been blocked by CORS policy: Response to preflight request doesn't pass access control check: No 'Access-Control-Allow-Origin' header is present on the requested resource. @ http://localhost:9292/products/hardwell-maddix-revealed-a-c-i-d-oversized-t-shirt-black:0
[ 1150767ms] [ERROR] Failed to load resource: net::ERR_FAILED @ https://trgcj0-r0.myshopify.com/api/collect:0
[ 1156135ms] [ERROR] Access to fetch at 'https://trgcj0-r0.myshopify.com/api/collect' from origin 'http://localhost:9292' has been blocked by CORS policy: Response to preflight request doesn't pass access control check: No 'Access-Control-Allow-Origin' header is present on the requested resource. @ http://localhost:9292/products/hardwell-maddix-revealed-a-c-i-d-oversized-t-shirt-black:0
[ 1156135ms] [ERROR] Failed to load resource: net::ERR_FAILED @ https://trgcj0-r0.myshopify.com/api/collect:0
[ 1161495ms] [ERROR] Access to fetch at 'https://trgcj0-r0.myshopify.com/api/collect' from origin 'http://localhost:9292' has been blocked by CORS policy: Response to preflight request doesn't pass access control check: No 'Access-Control-Allow-Origin' header is present on the requested resource. @ http://localhost:9292/products/hardwell-maddix-revealed-a-c-i-d-oversized-t-shirt-black:0
[ 1161495ms] [ERROR] Failed to load resource: net::ERR_FAILED @ https://trgcj0-r0.myshopify.com/api/collect:0
[ 1166882ms] [ERROR] Access to fetch at 'https://trgcj0-r0.myshopify.com/api/collect' from origin 'http://localhost:9292' has been blocked by CORS policy: Response to preflight request doesn't pass access control check: No 'Access-Control-Allow-Origin' header is present on the requested resource. @ http://localhost:9292/products/hardwell-maddix-revealed-a-c-i-d-oversized-t-shirt-black:0
[ 1166882ms] [ERROR] Failed to load resource: net::ERR_FAILED @ https://trgcj0-r0.myshopify.com/api/collect:0
[ 1172244ms] [ERROR] Access to fetch at 'https://trgcj0-r0.myshopify.com/api/collect' from origin 'http://localhost:9292' has been blocked by CORS policy: Response to preflight request doesn't pass access control check: No 'Access-Control-Allow-Origin' header is present on the requested resource. @ http://localhost:9292/products/hardwell-maddix-revealed-a-c-i-d-oversized-t-shirt-black:0
[ 1172244ms] [ERROR] Failed to load resource: net::ERR_FAILED @ https://trgcj0-r0.myshopify.com/api/collect:0
[ 1177625ms] [ERROR] Access to fetch at 'https://trgcj0-r0.myshopify.com/api/collect' from origin 'http://localhost:9292' has been blocked by CORS policy: Response to preflight request doesn't pass access control check: No 'Access-Control-Allow-Origin' header is present on the requested resource. @ http://localhost:9292/products/hardwell-maddix-revealed-a-c-i-d-oversized-t-shirt-black:0
[ 1177625ms] [ERROR] Failed to load resource: net::ERR_FAILED @ https://trgcj0-r0.myshopify.com/api/collect:0
[ 1183002ms] [ERROR] Access to fetch at 'https://trgcj0-r0.myshopify.com/api/collect' from origin 'http://localhost:9292' has been blocked by CORS policy: Response to preflight request doesn't pass access control check: No 'Access-Control-Allow-Origin' header is present on the requested resource. @ http://localhost:9292/products/hardwell-maddix-revealed-a-c-i-d-oversized-t-shirt-black:0
[ 1183002ms] [ERROR] Failed to load resource: net::ERR_FAILED @ https://trgcj0-r0.myshopify.com/api/collect:0
[ 1188377ms] [ERROR] Access to fetch at 'https://trgcj0-r0.myshopify.com/api/collect' from origin 'http://localhost:9292' has been blocked by CORS policy: Response to preflight request doesn't pass access control check: No 'Access-Control-Allow-Origin' header is present on the requested resource. @ http://localhost:9292/products/hardwell-maddix-revealed-a-c-i-d-oversized-t-shirt-black:0
[ 1188377ms] [ERROR] Failed to load resource: net::ERR_FAILED @ https://trgcj0-r0.myshopify.com/api/collect:0
[ 1193756ms] [ERROR] Access to fetch at 'https://trgcj0-r0.myshopify.com/api/collect' from origin 'http://localhost:9292' has been blocked by CORS policy: Response to preflight request doesn't pass access control check: No 'Access-Control-Allow-Origin' header is present on the requested resource. @ http://localhost:9292/products/hardwell-maddix-revealed-a-c-i-d-oversized-t-shirt-black:0
[ 1193756ms] [ERROR] Failed to load resource: net::ERR_FAILED @ https://trgcj0-r0.myshopify.com/api/collect:0
[ 1199134ms] [ERROR] Access to fetch at 'https://trgcj0-r0.myshopify.com/api/collect' from origin 'http://localhost:9292' has been blocked by CORS policy: Response to preflight request doesn't pass access control check: No 'Access-Control-Allow-Origin' header is present on the requested resource. @ http://localhost:9292/products/hardwell-maddix-revealed-a-c-i-d-oversized-t-shirt-black:0
[ 1199134ms] [ERROR] Failed to load resource: net::ERR_FAILED @ https://trgcj0-r0.myshopify.com/api/collect:0
[ 1204513ms] [ERROR] Access to fetch at 'https://trgcj0-r0.myshopify.com/api/collect' from origin 'http://localhost:9292' has been blocked by CORS policy: Response to preflight request doesn't pass access control check: No 'Access-Control-Allow-Origin' header is present on the requested resource. @ http://localhost:9292/products/hardwell-maddix-revealed-a-c-i-d-oversized-t-shirt-black:0
[ 1204513ms] [ERROR] Failed to load resource: net::ERR_FAILED @ https://trgcj0-r0.myshopify.com/api/collect:0
[ 1209893ms] [ERROR] Access to fetch at 'https://trgcj0-r0.myshopify.com/api/collect' from origin 'http://localhost:9292' has been blocked by CORS policy: Response to preflight request doesn't pass access control check: No 'Access-Control-Allow-Origin' header is present on the requested resource. @ http://localhost:9292/products/hardwell-maddix-revealed-a-c-i-d-oversized-t-shirt-black:0
[ 1209893ms] [ERROR] Failed to load resource: net::ERR_FAILED @ https://trgcj0-r0.myshopify.com/api/collect:0
[ 1215250ms] [ERROR] Access to fetch at 'https://trgcj0-r0.myshopify.com/api/collect' from origin 'http://localhost:9292' has been blocked by CORS policy: Response to preflight request doesn't pass access control check: No 'Access-Control-Allow-Origin' header is present on the requested resource. @ http://localhost:9292/products/hardwell-maddix-revealed-a-c-i-d-oversized-t-shirt-black:0
[ 1215250ms] [ERROR] Failed to load resource: net::ERR_FAILED @ https://trgcj0-r0.myshopify.com/api/collect:0
[ 1220623ms] [ERROR] Access to fetch at 'https://trgcj0-r0.myshopify.com/api/collect' from origin 'http://localhost:9292' has been blocked by CORS policy: Response to preflight request doesn't pass access control check: No 'Access-Control-Allow-Origin' header is present on the requested resource. @ http://localhost:9292/products/hardwell-maddix-revealed-a-c-i-d-oversized-t-shirt-black:0
[ 1220623ms] [ERROR] Failed to load resource: net::ERR_FAILED @ https://trgcj0-r0.myshopify.com/api/collect:0
[ 1226001ms] [ERROR] Access to fetch at 'https://trgcj0-r0.myshopify.com/api/collect' from origin 'http://localhost:9292' has been blocked by CORS policy: Response to preflight request doesn't pass access control check: No 'Access-Control-Allow-Origin' header is present on the requested resource. @ http://localhost:9292/products/hardwell-maddix-revealed-a-c-i-d-oversized-t-shirt-black:0
[ 1226002ms] [ERROR] Failed to load resource: net::ERR_FAILED @ https://trgcj0-r0.myshopify.com/api/collect:0
[ 1231382ms] [ERROR] Access to fetch at 'https://trgcj0-r0.myshopify.com/api/collect' from origin 'http://localhost:9292' has been blocked by CORS policy: Response to preflight request doesn't pass access control check: No 'Access-Control-Allow-Origin' header is present on the requested resource. @ http://localhost:9292/products/hardwell-maddix-revealed-a-c-i-d-oversized-t-shirt-black:0
[ 1231382ms] [ERROR] Failed to load resource: net::ERR_FAILED @ https://trgcj0-r0.myshopify.com/api/collect:0
[ 1236747ms] [ERROR] Access to fetch at 'https://trgcj0-r0.myshopify.com/api/collect' from origin 'http://localhost:9292' has been blocked by CORS policy: Response to preflight request doesn't pass access control check: No 'Access-Control-Allow-Origin' header is present on the requested resource. @ http://localhost:9292/products/hardwell-maddix-revealed-a-c-i-d-oversized-t-shirt-black:0
[ 1236747ms] [ERROR] Failed to load resource: net::ERR_FAILED @ https://trgcj0-r0.myshopify.com/api/collect:0
[ 1242131ms] [ERROR] Access to fetch at 'https://trgcj0-r0.myshopify.com/api/collect' from origin 'http://localhost:9292' has been blocked by CORS policy: Response to preflight request doesn't pass access control check: No 'Access-Control-Allow-Origin' header is present on the requested resource. @ http://localhost:9292/products/hardwell-maddix-revealed-a-c-i-d-oversized-t-shirt-black:0
[ 1242131ms] [ERROR] Failed to load resource: net::ERR_FAILED @ https://trgcj0-r0.myshopify.com/api/collect:0
[ 1247494ms] [ERROR] Access to fetch at 'https://trgcj0-r0.myshopify.com/api/collect' from origin 'http://localhost:9292' has been blocked by CORS policy: Response to preflight request doesn't pass access control check: No 'Access-Control-Allow-Origin' header is present on the requested resource. @ http://localhost:9292/products/hardwell-maddix-revealed-a-c-i-d-oversized-t-shirt-black:0
[ 1247494ms] [ERROR] Failed to load resource: net::ERR_FAILED @ https://trgcj0-r0.myshopify.com/api/collect:0
[ 1252877ms] [ERROR] Access to fetch at 'https://trgcj0-r0.myshopify.com/api/collect' from origin 'http://localhost:9292' has been blocked by CORS policy: Response to preflight request doesn't pass access control check: No 'Access-Control-Allow-Origin' header is present on the requested resource. @ http://localhost:9292/products/hardwell-maddix-revealed-a-c-i-d-oversized-t-shirt-black:0
[ 1252877ms] [ERROR] Failed to load resource: net::ERR_FAILED @ https://trgcj0-r0.myshopify.com/api/collect:0
[ 1258249ms] [ERROR] Access to fetch at 'https://trgcj0-r0.myshopify.com/api/collect' from origin 'http://localhost:9292' has been blocked by CORS policy: Response to preflight request doesn't pass access control check: No 'Access-Control-Allow-Origin' header is present on the requested resource. @ http://localhost:9292/products/hardwell-maddix-revealed-a-c-i-d-oversized-t-shirt-black:0
[ 1258250ms] [ERROR] Failed to load resource: net::ERR_FAILED @ https://trgcj0-r0.myshopify.com/api/collect:0
[ 1263632ms] [ERROR] Access to fetch at 'https://trgcj0-r0.myshopify.com/api/collect' from origin 'http://localhost:9292' has been blocked by CORS policy: Response to preflight request doesn't pass access control check: No 'Access-Control-Allow-Origin' header is present on the requested resource. @ http://localhost:9292/products/hardwell-maddix-revealed-a-c-i-d-oversized-t-shirt-black:0
[ 1263632ms] [ERROR] Failed to load resource: net::ERR_FAILED @ https://trgcj0-r0.myshopify.com/api/collect:0
[ 1269013ms] [ERROR] Access to fetch at 'https://trgcj0-r0.myshopify.com/api/collect' from origin 'http://localhost:9292' has been blocked by CORS policy: Response to preflight request doesn't pass access control check: No 'Access-Control-Allow-Origin' header is present on the requested resource. @ http://localhost:9292/products/hardwell-maddix-revealed-a-c-i-d-oversized-t-shirt-black:0
[ 1269013ms] [ERROR] Failed to load resource: net::ERR_FAILED @ https://trgcj0-r0.myshopify.com/api/collect:0
[ 1274395ms] [ERROR] Access to fetch at 'https://trgcj0-r0.myshopify.com/api/collect' from origin 'http://localhost:9292' has been blocked by CORS policy: Response to preflight request doesn't pass access control check: No 'Access-Control-Allow-Origin' header is present on the requested resource. @ http://localhost:9292/products/hardwell-maddix-revealed-a-c-i-d-oversized-t-shirt-black:0
[ 1274395ms] [ERROR] Failed to load resource: net::ERR_FAILED @ https://trgcj0-r0.myshopify.com/api/collect:0
[ 1279767ms] [ERROR] Access to fetch at 'https://trgcj0-r0.myshopify.com/api/collect' from origin 'http://localhost:9292' has been blocked by CORS policy: Response to preflight request doesn't pass access control check: No 'Access-Control-Allow-Origin' header is present on the requested resource. @ http://localhost:9292/products/hardwell-maddix-revealed-a-c-i-d-oversized-t-shirt-black:0
[ 1279767ms] [ERROR] Failed to load resource: net::ERR_FAILED @ https://trgcj0-r0.myshopify.com/api/collect:0
[ 1285220ms] [ERROR] Access to fetch at 'https://trgcj0-r0.myshopify.com/api/collect' from origin 'http://localhost:9292' has been blocked by CORS policy: Response to preflight request doesn't pass access control check: No 'Access-Control-Allow-Origin' header is present on the requested resource. @ http://localhost:9292/products/hardwell-maddix-revealed-a-c-i-d-oversized-t-shirt-black:0
[ 1285220ms] [ERROR] Failed to load resource: net::ERR_FAILED @ https://trgcj0-r0.myshopify.com/api/collect:0
[ 1290629ms] [ERROR] Access to fetch at 'https://trgcj0-r0.myshopify.com/api/collect' from origin 'http://localhost:9292' has been blocked by CORS policy: Response to preflight request doesn't pass access control check: No 'Access-Control-Allow-Origin' header is present on the requested resource. @ http://localhost:9292/products/hardwell-maddix-revealed-a-c-i-d-oversized-t-shirt-black:0
[ 1290629ms] [ERROR] Failed to load resource: net::ERR_FAILED @ https://trgcj0-r0.myshopify.com/api/collect:0
[ 1296005ms] [ERROR] Access to fetch at 'https://trgcj0-r0.myshopify.com/api/collect' from origin 'http://localhost:9292' has been blocked by CORS policy: Response to preflight request doesn't pass access control check: No 'Access-Control-Allow-Origin' header is present on the requested resource. @ http://localhost:9292/products/hardwell-maddix-revealed-a-c-i-d-oversized-t-shirt-black:0
[ 1296006ms] [ERROR] Failed to load resource: net::ERR_FAILED @ https://trgcj0-r0.myshopify.com/api/collect:0
[ 1301381ms] [ERROR] Access to fetch at 'https://trgcj0-r0.myshopify.com/api/collect' from origin 'http://localhost:9292' has been blocked by CORS policy: Response to preflight request doesn't pass access control check: No 'Access-Control-Allow-Origin' header is present on the requested resource. @ http://localhost:9292/products/hardwell-maddix-revealed-a-c-i-d-oversized-t-shirt-black:0
[ 1301381ms] [ERROR] Failed to load resource: net::ERR_FAILED @ https://trgcj0-r0.myshopify.com/api/collect:0
[ 1306762ms] [ERROR] Access to fetch at 'https://trgcj0-r0.myshopify.com/api/collect' from origin 'http://localhost:9292' has been blocked by CORS policy: Response to preflight request doesn't pass access control check: No 'Access-Control-Allow-Origin' header is present on the requested resource. @ http://localhost:9292/products/hardwell-maddix-revealed-a-c-i-d-oversized-t-shirt-black:0
[ 1306762ms] [ERROR] Failed to load resource: net::ERR_FAILED @ https://trgcj0-r0.myshopify.com/api/collect:0
[ 1312131ms] [ERROR] Access to fetch at 'https://trgcj0-r0.myshopify.com/api/collect' from origin 'http://localhost:9292' has been blocked by CORS policy: Response to preflight request doesn't pass access control check: No 'Access-Control-Allow-Origin' header is present on the requested resource. @ http://localhost:9292/products/hardwell-maddix-revealed-a-c-i-d-oversized-t-shirt-black:0
[ 1312131ms] [ERROR] Failed to load resource: net::ERR_FAILED @ https://trgcj0-r0.myshopify.com/api/collect:0
[ 1317504ms] [ERROR] Access to fetch at 'https://trgcj0-r0.myshopify.com/api/collect' from origin 'http://localhost:9292' has been blocked by CORS policy: Response to preflight request doesn't pass access control check: No 'Access-Control-Allow-Origin' header is present on the requested resource. @ http://localhost:9292/products/hardwell-maddix-revealed-a-c-i-d-oversized-t-shirt-black:0
[ 1317504ms] [ERROR] Failed to load resource: net::ERR_FAILED @ https://trgcj0-r0.myshopify.com/api/collect:0
[ 1322966ms] [ERROR] Access to fetch at 'https://trgcj0-r0.myshopify.com/api/collect' from origin 'http://localhost:9292' has been blocked by CORS policy: Response to preflight request doesn't pass access control check: No 'Access-Control-Allow-Origin' header is present on the requested resource. @ http://localhost:9292/products/hardwell-maddix-revealed-a-c-i-d-oversized-t-shirt-black:0
[ 1322966ms] [ERROR] Failed to load resource: net::ERR_FAILED @ https://trgcj0-r0.myshopify.com/api/collect:0
[ 1328379ms] [ERROR] Access to fetch at 'https://trgcj0-r0.myshopify.com/api/collect' from origin 'http://localhost:9292' has been blocked by CORS policy: Response to preflight request doesn't pass access control check: No 'Access-Control-Allow-Origin' header is present on the requested resource. @ http://localhost:9292/products/hardwell-maddix-revealed-a-c-i-d-oversized-t-shirt-black:0
[ 1328379ms] [ERROR] Failed to load resource: net::ERR_FAILED @ https://trgcj0-r0.myshopify.com/api/collect:0
[ 1333738ms] [ERROR] Access to fetch at 'https://trgcj0-r0.myshopify.com/api/collect' from origin 'http://localhost:9292' has been blocked by CORS policy: Response to preflight request doesn't pass access control check: No 'Access-Control-Allow-Origin' header is present on the requested resource. @ http://localhost:9292/products/hardwell-maddix-revealed-a-c-i-d-oversized-t-shirt-black:0
[ 1333738ms] [ERROR] Failed to load resource: net::ERR_FAILED @ https://trgcj0-r0.myshopify.com/api/collect:0
[ 1339116ms] [ERROR] Access to fetch at 'https://trgcj0-r0.myshopify.com/api/collect' from origin 'http://localhost:9292' has been blocked by CORS policy: Response to preflight request doesn't pass access control check: No 'Access-Control-Allow-Origin' header is present on the requested resource. @ http://localhost:9292/products/hardwell-maddix-revealed-a-c-i-d-oversized-t-shirt-black:0
[ 1339116ms] [ERROR] Failed to load resource: net::ERR_FAILED @ https://trgcj0-r0.myshopify.com/api/collect:0
[ 1344490ms] [ERROR] Access to fetch at 'https://trgcj0-r0.myshopify.com/api/collect' from origin 'http://localhost:9292' has been blocked by CORS policy: Response to preflight request doesn't pass access control check: No 'Access-Control-Allow-Origin' header is present on the requested resource. @ http://localhost:9292/products/hardwell-maddix-revealed-a-c-i-d-oversized-t-shirt-black:0
[ 1344490ms] [ERROR] Failed to load resource: net::ERR_FAILED @ https://trgcj0-r0.myshopify.com/api/collect:0
[ 1349875ms] [ERROR] Access to fetch at 'https://trgcj0-r0.myshopify.com/api/collect' from origin 'http://localhost:9292' has been blocked by CORS policy: Response to preflight request doesn't pass access control check: No 'Access-Control-Allow-Origin' header is present on the requested resource. @ http://localhost:9292/products/hardwell-maddix-revealed-a-c-i-d-oversized-t-shirt-black:0
[ 1349875ms] [ERROR] Failed to load resource: net::ERR_FAILED @ https://trgcj0-r0.myshopify.com/api/collect:0
[ 1355249ms] [ERROR] Access to fetch at 'https://trgcj0-r0.myshopify.com/api/collect' from origin 'http://localhost:9292' has been blocked by CORS policy: Response to preflight request doesn't pass access control check: No 'Access-Control-Allow-Origin' header is present on the requested resource. @ http://localhost:9292/products/hardwell-maddix-revealed-a-c-i-d-oversized-t-shirt-black:0
[ 1355249ms] [ERROR] Failed to load resource: net::ERR_FAILED @ https://trgcj0-r0.myshopify.com/api/collect:0
[ 1360630ms] [ERROR] Access to fetch at 'https://trgcj0-r0.myshopify.com/api/collect' from origin 'http://localhost:9292' has been blocked by CORS policy: Response to preflight request doesn't pass access control check: No 'Access-Control-Allow-Origin' header is present on the requested resource. @ http://localhost:9292/products/hardwell-maddix-revealed-a-c-i-d-oversized-t-shirt-black:0
[ 1360630ms] [ERROR] Failed to load resource: net::ERR_FAILED @ https://trgcj0-r0.myshopify.com/api/collect:0
[ 1366016ms] [ERROR] Access to fetch at 'https://trgcj0-r0.myshopify.com/api/collect' from origin 'http://localhost:9292' has been blocked by CORS policy: Response to preflight request doesn't pass access control check: No 'Access-Control-Allow-Origin' header is present on the requested resource. @ http://localhost:9292/products/hardwell-maddix-revealed-a-c-i-d-oversized-t-shirt-black:0
[ 1366017ms] [ERROR] Failed to load resource: net::ERR_FAILED @ https://trgcj0-r0.myshopify.com/api/collect:0
[ 1371393ms] [ERROR] Access to fetch at 'https://trgcj0-r0.myshopify.com/api/collect' from origin 'http://localhost:9292' has been blocked by CORS policy: Response to preflight request doesn't pass access control check: No 'Access-Control-Allow-Origin' header is present on the requested resource. @ http://localhost:9292/products/hardwell-maddix-revealed-a-c-i-d-oversized-t-shirt-black:0
[ 1371393ms] [ERROR] Failed to load resource: net::ERR_FAILED @ https://trgcj0-r0.myshopify.com/api/collect:0
[ 1376753ms] [ERROR] Access to fetch at 'https://trgcj0-r0.myshopify.com/api/collect' from origin 'http://localhost:9292' has been blocked by CORS policy: Response to preflight request doesn't pass access control check: No 'Access-Control-Allow-Origin' header is present on the requested resource. @ http://localhost:9292/products/hardwell-maddix-revealed-a-c-i-d-oversized-t-shirt-black:0
[ 1376753ms] [ERROR] Failed to load resource: net::ERR_FAILED @ https://trgcj0-r0.myshopify.com/api/collect:0
[ 1382690ms] [ERROR] Access to fetch at 'https://trgcj0-r0.myshopify.com/api/collect' from origin 'http://localhost:9292' has been blocked by CORS policy: Response to preflight request doesn't pass access control check: No 'Access-Control-Allow-Origin' header is present on the requested resource. @ http://localhost:9292/products/hardwell-maddix-revealed-a-c-i-d-oversized-t-shirt-black:0
[ 1382691ms] [ERROR] Failed to load resource: net::ERR_FAILED @ https://trgcj0-r0.myshopify.com/api/collect:0
[ 1388051ms] [ERROR] Access to fetch at 'https://trgcj0-r0.myshopify.com/api/collect' from origin 'http://localhost:9292' has been blocked by CORS policy: Response to preflight request doesn't pass access control check: No 'Access-Control-Allow-Origin' header is present on the requested resource. @ http://localhost:9292/products/hardwell-maddix-revealed-a-c-i-d-oversized-t-shirt-black:0
[ 1388051ms] [ERROR] Failed to load resource: net::ERR_FAILED @ https://trgcj0-r0.myshopify.com/api/collect:0
[ 1393422ms] [ERROR] Access to fetch at 'https://trgcj0-r0.myshopify.com/api/collect' from origin 'http://localhost:9292' has been blocked by CORS policy: Response to preflight request doesn't pass access control check: No 'Access-Control-Allow-Origin' header is present on the requested resource. @ http://localhost:9292/products/hardwell-maddix-revealed-a-c-i-d-oversized-t-shirt-black:0
[ 1393422ms] [ERROR] Failed to load resource: net::ERR_FAILED @ https://trgcj0-r0.myshopify.com/api/collect:0
[ 1398815ms] [ERROR] Access to fetch at 'https://trgcj0-r0.myshopify.com/api/collect' from origin 'http://localhost:9292' has been blocked by CORS policy: Response to preflight request doesn't pass access control check: No 'Access-Control-Allow-Origin' header is present on the requested resource. @ http://localhost:9292/products/hardwell-maddix-revealed-a-c-i-d-oversized-t-shirt-black:0
[ 1398815ms] [ERROR] Failed to load resource: net::ERR_FAILED @ https://trgcj0-r0.myshopify.com/api/collect:0
[ 1404223ms] [ERROR] Access to fetch at 'https://trgcj0-r0.myshopify.com/api/collect' from origin 'http://localhost:9292' has been blocked by CORS policy: Response to preflight request doesn't pass access control check: No 'Access-Control-Allow-Origin' header is present on the requested resource. @ http://localhost:9292/products/hardwell-maddix-revealed-a-c-i-d-oversized-t-shirt-black:0
[ 1404223ms] [ERROR] Failed to load resource: net::ERR_FAILED @ https://trgcj0-r0.myshopify.com/api/collect:0
[ 1409646ms] [ERROR] Access to fetch at 'https://trgcj0-r0.myshopify.com/api/collect' from origin 'http://localhost:9292' has been blocked by CORS policy: Response to preflight request doesn't pass access control check: No 'Access-Control-Allow-Origin' header is present on the requested resource. @ http://localhost:9292/products/hardwell-maddix-revealed-a-c-i-d-oversized-t-shirt-black:0
[ 1409647ms] [ERROR] Failed to load resource: net::ERR_FAILED @ https://trgcj0-r0.myshopify.com/api/collect:0
[ 1415001ms] [ERROR] Access to fetch at 'https://trgcj0-r0.myshopify.com/api/collect' from origin 'http://localhost:9292' has been blocked by CORS policy: Response to preflight request doesn't pass access control check: No 'Access-Control-Allow-Origin' header is present on the requested resource. @ http://localhost:9292/products/hardwell-maddix-revealed-a-c-i-d-oversized-t-shirt-black:0
[ 1415001ms] [ERROR] Failed to load resource: net::ERR_FAILED @ https://trgcj0-r0.myshopify.com/api/collect:0
[ 1420349ms] [ERROR] Access to fetch at 'https://trgcj0-r0.myshopify.com/api/collect' from origin 'http://localhost:9292' has been blocked by CORS policy: Response to preflight request doesn't pass access control check: No 'Access-Control-Allow-Origin' header is present on the requested resource. @ http://localhost:9292/products/hardwell-maddix-revealed-a-c-i-d-oversized-t-shirt-black:0
[ 1420349ms] [ERROR] Failed to load resource: net::ERR_FAILED @ https://trgcj0-r0.myshopify.com/api/collect:0
[ 1425730ms] [ERROR] Access to fetch at 'https://trgcj0-r0.myshopify.com/api/collect' from origin 'http://localhost:9292' has been blocked by CORS policy: Response to preflight request doesn't pass access control check: No 'Access-Control-Allow-Origin' header is present on the requested resource. @ http://localhost:9292/products/hardwell-maddix-revealed-a-c-i-d-oversized-t-shirt-black:0
[ 1425730ms] [ERROR] Failed to load resource: net::ERR_FAILED @ https://trgcj0-r0.myshopify.com/api/collect:0
[ 1431143ms] [ERROR] Access to fetch at 'https://trgcj0-r0.myshopify.com/api/collect' from origin 'http://localhost:9292' has been blocked by CORS policy: Response to preflight request doesn't pass access control check: No 'Access-Control-Allow-Origin' header is present on the requested resource. @ http://localhost:9292/products/hardwell-maddix-revealed-a-c-i-d-oversized-t-shirt-black:0
[ 1431143ms] [ERROR] Failed to load resource: net::ERR_FAILED @ https://trgcj0-r0.myshopify.com/api/collect:0
[ 1436503ms] [ERROR] Access to fetch at 'https://trgcj0-r0.myshopify.com/api/collect' from origin 'http://localhost:9292' has been blocked by CORS policy: Response to preflight request doesn't pass access control check: No 'Access-Control-Allow-Origin' header is present on the requested resource. @ http://localhost:9292/products/hardwell-maddix-revealed-a-c-i-d-oversized-t-shirt-black:0
[ 1436503ms] [ERROR] Failed to load resource: net::ERR_FAILED @ https://trgcj0-r0.myshopify.com/api/collect:0
[ 1441876ms] [ERROR] Access to fetch at 'https://trgcj0-r0.myshopify.com/api/collect' from origin 'http://localhost:9292' has been blocked by CORS policy: Response to preflight request doesn't pass access control check: No 'Access-Control-Allow-Origin' header is present on the requested resource. @ http://localhost:9292/products/hardwell-maddix-revealed-a-c-i-d-oversized-t-shirt-black:0
[ 1441876ms] [ERROR] Failed to load resource: net::ERR_FAILED @ https://trgcj0-r0.myshopify.com/api/collect:0
[ 1447248ms] [ERROR] Access to fetch at 'https://trgcj0-r0.myshopify.com/api/collect' from origin 'http://localhost:9292' has been blocked by CORS policy: Response to preflight request doesn't pass access control check: No 'Access-Control-Allow-Origin' header is present on the requested resource. @ http://localhost:9292/products/hardwell-maddix-revealed-a-c-i-d-oversized-t-shirt-black:0
[ 1447248ms] [ERROR] Failed to load resource: net::ERR_FAILED @ https://trgcj0-r0.myshopify.com/api/collect:0
[ 1452638ms] [ERROR] Access to fetch at 'https://trgcj0-r0.myshopify.com/api/collect' from origin 'http://localhost:9292' has been blocked by CORS policy: Response to preflight request doesn't pass access control check: No 'Access-Control-Allow-Origin' header is present on the requested resource. @ http://localhost:9292/products/hardwell-maddix-revealed-a-c-i-d-oversized-t-shirt-black:0
[ 1452638ms] [ERROR] Failed to load resource: net::ERR_FAILED @ https://trgcj0-r0.myshopify.com/api/collect:0
[ 1458021ms] [ERROR] Access to fetch at 'https://trgcj0-r0.myshopify.com/api/collect' from origin 'http://localhost:9292' has been blocked by CORS policy: Response to preflight request doesn't pass access control check: No 'Access-Control-Allow-Origin' header is present on the requested resource. @ http://localhost:9292/products/hardwell-maddix-revealed-a-c-i-d-oversized-t-shirt-black:0
[ 1458021ms] [ERROR] Failed to load resource: net::ERR_FAILED @ https://trgcj0-r0.myshopify.com/api/collect:0
[ 1463484ms] [ERROR] Access to fetch at 'https://trgcj0-r0.myshopify.com/api/collect' from origin 'http://localhost:9292' has been blocked by CORS policy: Response to preflight request doesn't pass access control check: No 'Access-Control-Allow-Origin' header is present on the requested resource. @ http://localhost:9292/products/hardwell-maddix-revealed-a-c-i-d-oversized-t-shirt-black:0
[ 1463484ms] [ERROR] Failed to load resource: net::ERR_FAILED @ https://trgcj0-r0.myshopify.com/api/collect:0
[ 1468893ms] [ERROR] Access to fetch at 'https://trgcj0-r0.myshopify.com/api/collect' from origin 'http://localhost:9292' has been blocked by CORS policy: Response to preflight request doesn't pass access control check: No 'Access-Control-Allow-Origin' header is present on the requested resource. @ http://localhost:9292/products/hardwell-maddix-revealed-a-c-i-d-oversized-t-shirt-black:0
[ 1468894ms] [ERROR] Failed to load resource: net::ERR_FAILED @ https://trgcj0-r0.myshopify.com/api/collect:0
[ 1474252ms] [ERROR] Access to fetch at 'https://trgcj0-r0.myshopify.com/api/collect' from origin 'http://localhost:9292' has been blocked by CORS policy: Response to preflight request doesn't pass access control check: No 'Access-Control-Allow-Origin' header is present on the requested resource. @ http://localhost:9292/products/hardwell-maddix-revealed-a-c-i-d-oversized-t-shirt-black:0
[ 1474252ms] [ERROR] Failed to load resource: net::ERR_FAILED @ https://trgcj0-r0.myshopify.com/api/collect:0
[ 1479637ms] [ERROR] Access to fetch at 'https://trgcj0-r0.myshopify.com/api/collect' from origin 'http://localhost:9292' has been blocked by CORS policy: Response to preflight request doesn't pass access control check: No 'Access-Control-Allow-Origin' header is present on the requested resource. @ http://localhost:9292/products/hardwell-maddix-revealed-a-c-i-d-oversized-t-shirt-black:0
[ 1479638ms] [ERROR] Failed to load resource: net::ERR_FAILED @ https://trgcj0-r0.myshopify.com/api/collect:0
[ 1485031ms] [ERROR] Access to fetch at 'https://trgcj0-r0.myshopify.com/api/collect' from origin 'http://localhost:9292' has been blocked by CORS policy: Response to preflight request doesn't pass access control check: No 'Access-Control-Allow-Origin' header is present on the requested resource. @ http://localhost:9292/products/hardwell-maddix-revealed-a-c-i-d-oversized-t-shirt-black:0
[ 1485031ms] [ERROR] Failed to load resource: net::ERR_FAILED @ https://trgcj0-r0.myshopify.com/api/collect:0
[ 1490393ms] [ERROR] Access to fetch at 'https://trgcj0-r0.myshopify.com/api/collect' from origin 'http://localhost:9292' has been blocked by CORS policy: Response to preflight request doesn't pass access control check: No 'Access-Control-Allow-Origin' header is present on the requested resource. @ http://localhost:9292/products/hardwell-maddix-revealed-a-c-i-d-oversized-t-shirt-black:0
[ 1490393ms] [ERROR] Failed to load resource: net::ERR_FAILED @ https://trgcj0-r0.myshopify.com/api/collect:0
[ 1495754ms] [ERROR] Access to fetch at 'https://trgcj0-r0.myshopify.com/api/collect' from origin 'http://localhost:9292' has been blocked by CORS policy: Response to preflight request doesn't pass access control check: No 'Access-Control-Allow-Origin' header is present on the requested resource. @ http://localhost:9292/products/hardwell-maddix-revealed-a-c-i-d-oversized-t-shirt-black:0
[ 1495754ms] [ERROR] Failed to load resource: net::ERR_FAILED @ https://trgcj0-r0.myshopify.com/api/collect:0
[ 1501187ms] [ERROR] Access to fetch at 'https://trgcj0-r0.myshopify.com/api/collect' from origin 'http://localhost:9292' has been blocked by CORS policy: Response to preflight request doesn't pass access control check: No 'Access-Control-Allow-Origin' header is present on the requested resource. @ http://localhost:9292/products/hardwell-maddix-revealed-a-c-i-d-oversized-t-shirt-black:0
[ 1501188ms] [ERROR] Failed to load resource: net::ERR_FAILED @ https://trgcj0-r0.myshopify.com/api/collect:0
[ 1506641ms] [ERROR] Access to fetch at 'https://trgcj0-r0.myshopify.com/api/collect' from origin 'http://localhost:9292' has been blocked by CORS policy: Response to preflight request doesn't pass access control check: No 'Access-Control-Allow-Origin' header is present on the requested resource. @ http://localhost:9292/products/hardwell-maddix-revealed-a-c-i-d-oversized-t-shirt-black:0
[ 1506642ms] [ERROR] Failed to load resource: net::ERR_FAILED @ https://trgcj0-r0.myshopify.com/api/collect:0
[ 1512020ms] [ERROR] Access to fetch at 'https://trgcj0-r0.myshopify.com/api/collect' from origin 'http://localhost:9292' has been blocked by CORS policy: Response to preflight request doesn't pass access control check: No 'Access-Control-Allow-Origin' header is present on the requested resource. @ http://localhost:9292/products/hardwell-maddix-revealed-a-c-i-d-oversized-t-shirt-black:0
[ 1512020ms] [ERROR] Failed to load resource: net::ERR_FAILED @ https://trgcj0-r0.myshopify.com/api/collect:0
[ 1517481ms] [ERROR] Access to fetch at 'https://trgcj0-r0.myshopify.com/api/collect' from origin 'http://localhost:9292' has been blocked by CORS policy: Response to preflight request doesn't pass access control check: No 'Access-Control-Allow-Origin' header is present on the requested resource. @ http://localhost:9292/products/hardwell-maddix-revealed-a-c-i-d-oversized-t-shirt-black:0
[ 1517481ms] [ERROR] Failed to load resource: net::ERR_FAILED @ https://trgcj0-r0.myshopify.com/api/collect:0
[ 1522896ms] [ERROR] Access to fetch at 'https://trgcj0-r0.myshopify.com/api/collect' from origin 'http://localhost:9292' has been blocked by CORS policy: Response to preflight request doesn't pass access control check: No 'Access-Control-Allow-Origin' header is present on the requested resource. @ http://localhost:9292/products/hardwell-maddix-revealed-a-c-i-d-oversized-t-shirt-black:0
[ 1522896ms] [ERROR] Failed to load resource: net::ERR_FAILED @ https://trgcj0-r0.myshopify.com/api/collect:0
[ 1528256ms] [ERROR] Access to fetch at 'https://trgcj0-r0.myshopify.com/api/collect' from origin 'http://localhost:9292' has been blocked by CORS policy: Response to preflight request doesn't pass access control check: No 'Access-Control-Allow-Origin' header is present on the requested resource. @ http://localhost:9292/products/hardwell-maddix-revealed-a-c-i-d-oversized-t-shirt-black:0
[ 1528256ms] [ERROR] Failed to load resource: net::ERR_FAILED @ https://trgcj0-r0.myshopify.com/api/collect:0
[ 1533635ms] [ERROR] Access to fetch at 'https://trgcj0-r0.myshopify.com/api/collect' from origin 'http://localhost:9292' has been blocked by CORS policy: Response to preflight request doesn't pass access control check: No 'Access-Control-Allow-Origin' header is present on the requested resource. @ http://localhost:9292/products/hardwell-maddix-revealed-a-c-i-d-oversized-t-shirt-black:0
[ 1533635ms] [ERROR] Failed to load resource: net::ERR_FAILED @ https://trgcj0-r0.myshopify.com/api/collect:0
[ 1538995ms] [ERROR] Access to fetch at 'https://trgcj0-r0.myshopify.com/api/collect' from origin 'http://localhost:9292' has been blocked by CORS policy: Response to preflight request doesn't pass access control check: No 'Access-Control-Allow-Origin' header is present on the requested resource. @ http://localhost:9292/products/hardwell-maddix-revealed-a-c-i-d-oversized-t-shirt-black:0
[ 1538996ms] [ERROR] Failed to load resource: net::ERR_FAILED @ https://trgcj0-r0.myshopify.com/api/collect:0
[ 1544392ms] [ERROR] Access to fetch at 'https://trgcj0-r0.myshopify.com/api/collect' from origin 'http://localhost:9292' has been blocked by CORS policy: Response to preflight request doesn't pass access control check: No 'Access-Control-Allow-Origin' header is present on the requested resource. @ http://localhost:9292/products/hardwell-maddix-revealed-a-c-i-d-oversized-t-shirt-black:0
[ 1544392ms] [ERROR] Failed to load resource: net::ERR_FAILED @ https://trgcj0-r0.myshopify.com/api/collect:0
[ 1549766ms] [ERROR] Access to fetch at 'https://trgcj0-r0.myshopify.com/api/collect' from origin 'http://localhost:9292' has been blocked by CORS policy: Response to preflight request doesn't pass access control check: No 'Access-Control-Allow-Origin' header is present on the requested resource. @ http://localhost:9292/products/hardwell-maddix-revealed-a-c-i-d-oversized-t-shirt-black:0
[ 1549767ms] [ERROR] Failed to load resource: net::ERR_FAILED @ https://trgcj0-r0.myshopify.com/api/collect:0
[ 1555128ms] [ERROR] Access to fetch at 'https://trgcj0-r0.myshopify.com/api/collect' from origin 'http://localhost:9292' has been blocked by CORS policy: Response to preflight request doesn't pass access control check: No 'Access-Control-Allow-Origin' header is present on the requested resource. @ http://localhost:9292/products/hardwell-maddix-revealed-a-c-i-d-oversized-t-shirt-black:0
[ 1555128ms] [ERROR] Failed to load resource: net::ERR_FAILED @ https://trgcj0-r0.myshopify.com/api/collect:0
[ 1560506ms] [ERROR] Access to fetch at 'https://trgcj0-r0.myshopify.com/api/collect' from origin 'http://localhost:9292' has been blocked by CORS policy: Response to preflight request doesn't pass access control check: No 'Access-Control-Allow-Origin' header is present on the requested resource. @ http://localhost:9292/products/hardwell-maddix-revealed-a-c-i-d-oversized-t-shirt-black:0
[ 1560506ms] [ERROR] Failed to load resource: net::ERR_FAILED @ https://trgcj0-r0.myshopify.com/api/collect:0
[ 1565888ms] [ERROR] Access to fetch at 'https://trgcj0-r0.myshopify.com/api/collect' from origin 'http://localhost:9292' has been blocked by CORS policy: Response to preflight request doesn't pass access control check: No 'Access-Control-Allow-Origin' header is present on the requested resource. @ http://localhost:9292/products/hardwell-maddix-revealed-a-c-i-d-oversized-t-shirt-black:0
[ 1565888ms] [ERROR] Failed to load resource: net::ERR_FAILED @ https://trgcj0-r0.myshopify.com/api/collect:0
[ 1571290ms] [ERROR] Access to fetch at 'https://trgcj0-r0.myshopify.com/api/collect' from origin 'http://localhost:9292' has been blocked by CORS policy: Response to preflight request doesn't pass access control check: No 'Access-Control-Allow-Origin' header is present on the requested resource. @ http://localhost:9292/products/hardwell-maddix-revealed-a-c-i-d-oversized-t-shirt-black:0
[ 1571290ms] [ERROR] Failed to load resource: net::ERR_FAILED @ https://trgcj0-r0.myshopify.com/api/collect:0
[ 1576724ms] [ERROR] Access to fetch at 'https://trgcj0-r0.myshopify.com/api/collect' from origin 'http://localhost:9292' has been blocked by CORS policy: Response to preflight request doesn't pass access control check: No 'Access-Control-Allow-Origin' header is present on the requested resource. @ http://localhost:9292/products/hardwell-maddix-revealed-a-c-i-d-oversized-t-shirt-black:0
[ 1576724ms] [ERROR] Failed to load resource: net::ERR_FAILED @ https://trgcj0-r0.myshopify.com/api/collect:0
[ 1582143ms] [ERROR] Access to fetch at 'https://trgcj0-r0.myshopify.com/api/collect' from origin 'http://localhost:9292' has been blocked by CORS policy: Response to preflight request doesn't pass access control check: No 'Access-Control-Allow-Origin' header is present on the requested resource. @ http://localhost:9292/products/hardwell-maddix-revealed-a-c-i-d-oversized-t-shirt-black:0
[ 1582143ms] [ERROR] Failed to load resource: net::ERR_FAILED @ https://trgcj0-r0.myshopify.com/api/collect:0
[ 1587506ms] [ERROR] Access to fetch at 'https://trgcj0-r0.myshopify.com/api/collect' from origin 'http://localhost:9292' has been blocked by CORS policy: Response to preflight request doesn't pass access control check: No 'Access-Control-Allow-Origin' header is present on the requested resource. @ http://localhost:9292/products/hardwell-maddix-revealed-a-c-i-d-oversized-t-shirt-black:0
[ 1587506ms] [ERROR] Failed to load resource: net::ERR_FAILED @ https://trgcj0-r0.myshopify.com/api/collect:0
[ 1592874ms] [ERROR] Access to fetch at 'https://trgcj0-r0.myshopify.com/api/collect' from origin 'http://localhost:9292' has been blocked by CORS policy: Response to preflight request doesn't pass access control check: No 'Access-Control-Allow-Origin' header is present on the requested resource. @ http://localhost:9292/products/hardwell-maddix-revealed-a-c-i-d-oversized-t-shirt-black:0
[ 1592875ms] [ERROR] Failed to load resource: net::ERR_FAILED @ https://trgcj0-r0.myshopify.com/api/collect:0
[ 1598237ms] [ERROR] Access to fetch at 'https://trgcj0-r0.myshopify.com/api/collect' from origin 'http://localhost:9292' has been blocked by CORS policy: Response to preflight request doesn't pass access control check: No 'Access-Control-Allow-Origin' header is present on the requested resource. @ http://localhost:9292/products/hardwell-maddix-revealed-a-c-i-d-oversized-t-shirt-black:0
[ 1598237ms] [ERROR] Failed to load resource: net::ERR_FAILED @ https://trgcj0-r0.myshopify.com/api/collect:0
[ 1603638ms] [ERROR] Access to fetch at 'https://trgcj0-r0.myshopify.com/api/collect' from origin 'http://localhost:9292' has been blocked by CORS policy: Response to preflight request doesn't pass access control check: No 'Access-Control-Allow-Origin' header is present on the requested resource. @ http://localhost:9292/products/hardwell-maddix-revealed-a-c-i-d-oversized-t-shirt-black:0
[ 1603638ms] [ERROR] Failed to load resource: net::ERR_FAILED @ https://trgcj0-r0.myshopify.com/api/collect:0
[ 1609005ms] [ERROR] Access to fetch at 'https://trgcj0-r0.myshopify.com/api/collect' from origin 'http://localhost:9292' has been blocked by CORS policy: Response to preflight request doesn't pass access control check: No 'Access-Control-Allow-Origin' header is present on the requested resource. @ http://localhost:9292/products/hardwell-maddix-revealed-a-c-i-d-oversized-t-shirt-black:0
[ 1609005ms] [ERROR] Failed to load resource: net::ERR_FAILED @ https://trgcj0-r0.myshopify.com/api/collect:0
[ 1614387ms] [ERROR] Access to fetch at 'https://trgcj0-r0.myshopify.com/api/collect' from origin 'http://localhost:9292' has been blocked by CORS policy: Response to preflight request doesn't pass access control check: No 'Access-Control-Allow-Origin' header is present on the requested resource. @ http://localhost:9292/products/hardwell-maddix-revealed-a-c-i-d-oversized-t-shirt-black:0
[ 1614388ms] [ERROR] Failed to load resource: net::ERR_FAILED @ https://trgcj0-r0.myshopify.com/api/collect:0
[ 1619781ms] [ERROR] Access to fetch at 'https://trgcj0-r0.myshopify.com/api/collect' from origin 'http://localhost:9292' has been blocked by CORS policy: Response to preflight request doesn't pass access control check: No 'Access-Control-Allow-Origin' header is present on the requested resource. @ http://localhost:9292/products/hardwell-maddix-revealed-a-c-i-d-oversized-t-shirt-black:0
[ 1619782ms] [ERROR] Failed to load resource: net::ERR_FAILED @ https://trgcj0-r0.myshopify.com/api/collect:0
[ 1625135ms] [ERROR] Access to fetch at 'https://trgcj0-r0.myshopify.com/api/collect' from origin 'http://localhost:9292' has been blocked by CORS policy: Response to preflight request doesn't pass access control check: No 'Access-Control-Allow-Origin' header is present on the requested resource. @ http://localhost:9292/products/hardwell-maddix-revealed-a-c-i-d-oversized-t-shirt-black:0
[ 1625135ms] [ERROR] Failed to load resource: net::ERR_FAILED @ https://trgcj0-r0.myshopify.com/api/collect:0
[ 1630499ms] [ERROR] Access to fetch at 'https://trgcj0-r0.myshopify.com/api/collect' from origin 'http://localhost:9292' has been blocked by CORS policy: Response to preflight request doesn't pass access control check: No 'Access-Control-Allow-Origin' header is present on the requested resource. @ http://localhost:9292/products/hardwell-maddix-revealed-a-c-i-d-oversized-t-shirt-black:0
[ 1630499ms] [ERROR] Failed to load resource: net::ERR_FAILED @ https://trgcj0-r0.myshopify.com/api/collect:0
[ 1635858ms] [ERROR] Access to fetch at 'https://trgcj0-r0.myshopify.com/api/collect' from origin 'http://localhost:9292' has been blocked by CORS policy: Response to preflight request doesn't pass access control check: No 'Access-Control-Allow-Origin' header is present on the requested resource. @ http://localhost:9292/products/hardwell-maddix-revealed-a-c-i-d-oversized-t-shirt-black:0
[ 1635859ms] [ERROR] Failed to load resource: net::ERR_FAILED @ https://trgcj0-r0.myshopify.com/api/collect:0
[ 1641218ms] [ERROR] Access to fetch at 'https://trgcj0-r0.myshopify.com/api/collect' from origin 'http://localhost:9292' has been blocked by CORS policy: Response to preflight request doesn't pass access control check: No 'Access-Control-Allow-Origin' header is present on the requested resource. @ http://localhost:9292/products/hardwell-maddix-revealed-a-c-i-d-oversized-t-shirt-black:0
[ 1641218ms] [ERROR] Failed to load resource: net::ERR_FAILED @ https://trgcj0-r0.myshopify.com/api/collect:0
[ 1646637ms] [ERROR] Access to fetch at 'https://trgcj0-r0.myshopify.com/api/collect' from origin 'http://localhost:9292' has been blocked by CORS policy: Response to preflight request doesn't pass access control check: No 'Access-Control-Allow-Origin' header is present on the requested resource. @ http://localhost:9292/products/hardwell-maddix-revealed-a-c-i-d-oversized-t-shirt-black:0
[ 1646637ms] [ERROR] Failed to load resource: net::ERR_FAILED @ https://trgcj0-r0.myshopify.com/api/collect:0
[ 1651996ms] [ERROR] Access to fetch at 'https://trgcj0-r0.myshopify.com/api/collect' from origin 'http://localhost:9292' has been blocked by CORS policy: Response to preflight request doesn't pass access control check: No 'Access-Control-Allow-Origin' header is present on the requested resource. @ http://localhost:9292/products/hardwell-maddix-revealed-a-c-i-d-oversized-t-shirt-black:0
[ 1651996ms] [ERROR] Failed to load resource: net::ERR_FAILED @ https://trgcj0-r0.myshopify.com/api/collect:0
[ 1657828ms] [ERROR] Access to fetch at 'https://trgcj0-r0.myshopify.com/api/collect' from origin 'http://localhost:9292' has been blocked by CORS policy: Response to preflight request doesn't pass access control check: No 'Access-Control-Allow-Origin' header is present on the requested resource. @ http://localhost:9292/products/hardwell-maddix-revealed-a-c-i-d-oversized-t-shirt-black:0
[ 1657828ms] [ERROR] Failed to load resource: net::ERR_FAILED @ https://trgcj0-r0.myshopify.com/api/collect:0
[ 1663269ms] [ERROR] Access to fetch at 'https://trgcj0-r0.myshopify.com/api/collect' from origin 'http://localhost:9292' has been blocked by CORS policy: Response to preflight request doesn't pass access control check: No 'Access-Control-Allow-Origin' header is present on the requested resource. @ http://localhost:9292/products/hardwell-maddix-revealed-a-c-i-d-oversized-t-shirt-black:0
[ 1663269ms] [ERROR] Failed to load resource: net::ERR_FAILED @ https://trgcj0-r0.myshopify.com/api/collect:0
[ 1668651ms] [ERROR] Access to fetch at 'https://trgcj0-r0.myshopify.com/api/collect' from origin 'http://localhost:9292' has been blocked by CORS policy: Response to preflight request doesn't pass access control check: No 'Access-Control-Allow-Origin' header is present on the requested resource. @ http://localhost:9292/products/hardwell-maddix-revealed-a-c-i-d-oversized-t-shirt-black:0
[ 1668652ms] [ERROR] Failed to load resource: net::ERR_FAILED @ https://trgcj0-r0.myshopify.com/api/collect:0
[ 1674012ms] [ERROR] Access to fetch at 'https://trgcj0-r0.myshopify.com/api/collect' from origin 'http://localhost:9292' has been blocked by CORS policy: Response to preflight request doesn't pass access control check: No 'Access-Control-Allow-Origin' header is present on the requested resource. @ http://localhost:9292/products/hardwell-maddix-revealed-a-c-i-d-oversized-t-shirt-black:0
[ 1674012ms] [ERROR] Failed to load resource: net::ERR_FAILED @ https://trgcj0-r0.myshopify.com/api/collect:0
[ 1679389ms] [ERROR] Access to fetch at 'https://trgcj0-r0.myshopify.com/api/collect' from origin 'http://localhost:9292' has been blocked by CORS policy: Response to preflight request doesn't pass access control check: No 'Access-Control-Allow-Origin' header is present on the requested resource. @ http://localhost:9292/products/hardwell-maddix-revealed-a-c-i-d-oversized-t-shirt-black:0
[ 1679389ms] [ERROR] Failed to load resource: net::ERR_FAILED @ https://trgcj0-r0.myshopify.com/api/collect:0
[ 1684774ms] [ERROR] Access to fetch at 'https://trgcj0-r0.myshopify.com/api/collect' from origin 'http://localhost:9292' has been blocked by CORS policy: Response to preflight request doesn't pass access control check: No 'Access-Control-Allow-Origin' header is present on the requested resource. @ http://localhost:9292/products/hardwell-maddix-revealed-a-c-i-d-oversized-t-shirt-black:0
[ 1684774ms] [ERROR] Failed to load resource: net::ERR_FAILED @ https://trgcj0-r0.myshopify.com/api/collect:0
[ 1690146ms] [ERROR] Access to fetch at 'https://trgcj0-r0.myshopify.com/api/collect' from origin 'http://localhost:9292' has been blocked by CORS policy: Response to preflight request doesn't pass access control check: No 'Access-Control-Allow-Origin' header is present on the requested resource. @ http://localhost:9292/products/hardwell-maddix-revealed-a-c-i-d-oversized-t-shirt-black:0
[ 1690146ms] [ERROR] Failed to load resource: net::ERR_FAILED @ https://trgcj0-r0.myshopify.com/api/collect:0
[ 1695525ms] [ERROR] Access to fetch at 'https://trgcj0-r0.myshopify.com/api/collect' from origin 'http://localhost:9292' has been blocked by CORS policy: Response to preflight request doesn't pass access control check: No 'Access-Control-Allow-Origin' header is present on the requested resource. @ http://localhost:9292/products/hardwell-maddix-revealed-a-c-i-d-oversized-t-shirt-black:0
[ 1695526ms] [ERROR] Failed to load resource: net::ERR_FAILED @ https://trgcj0-r0.myshopify.com/api/collect:0
[ 1700902ms] [ERROR] Access to fetch at 'https://trgcj0-r0.myshopify.com/api/collect' from origin 'http://localhost:9292' has been blocked by CORS policy: Response to preflight request doesn't pass access control check: No 'Access-Control-Allow-Origin' header is present on the requested resource. @ http://localhost:9292/products/hardwell-maddix-revealed-a-c-i-d-oversized-t-shirt-black:0
[ 1700902ms] [ERROR] Failed to load resource: net::ERR_FAILED @ https://trgcj0-r0.myshopify.com/api/collect:0
[ 1706256ms] [ERROR] Access to fetch at 'https://trgcj0-r0.myshopify.com/api/collect' from origin 'http://localhost:9292' has been blocked by CORS policy: Response to preflight request doesn't pass access control check: No 'Access-Control-Allow-Origin' header is present on the requested resource. @ http://localhost:9292/products/hardwell-maddix-revealed-a-c-i-d-oversized-t-shirt-black:0
[ 1706256ms] [ERROR] Failed to load resource: net::ERR_FAILED @ https://trgcj0-r0.myshopify.com/api/collect:0
[ 1711644ms] [ERROR] Access to fetch at 'https://trgcj0-r0.myshopify.com/api/collect' from origin 'http://localhost:9292' has been blocked by CORS policy: Response to preflight request doesn't pass access control check: No 'Access-Control-Allow-Origin' header is present on the requested resource. @ http://localhost:9292/products/hardwell-maddix-revealed-a-c-i-d-oversized-t-shirt-black:0
[ 1711644ms] [ERROR] Failed to load resource: net::ERR_FAILED @ https://trgcj0-r0.myshopify.com/api/collect:0
[ 1717016ms] [ERROR] Access to fetch at 'https://trgcj0-r0.myshopify.com/api/collect' from origin 'http://localhost:9292' has been blocked by CORS policy: Response to preflight request doesn't pass access control check: No 'Access-Control-Allow-Origin' header is present on the requested resource. @ http://localhost:9292/products/hardwell-maddix-revealed-a-c-i-d-oversized-t-shirt-black:0
[ 1717017ms] [ERROR] Failed to load resource: net::ERR_FAILED @ https://trgcj0-r0.myshopify.com/api/collect:0
[ 1722392ms] [ERROR] Access to fetch at 'https://trgcj0-r0.myshopify.com/api/collect' from origin 'http://localhost:9292' has been blocked by CORS policy: Response to preflight request doesn't pass access control check: No 'Access-Control-Allow-Origin' header is present on the requested resource. @ http://localhost:9292/products/hardwell-maddix-revealed-a-c-i-d-oversized-t-shirt-black:0
[ 1722392ms] [ERROR] Failed to load resource: net::ERR_FAILED @ https://trgcj0-r0.myshopify.com/api/collect:0
[ 1727753ms] [ERROR] Access to fetch at 'https://trgcj0-r0.myshopify.com/api/collect' from origin 'http://localhost:9292' has been blocked by CORS policy: Response to preflight request doesn't pass access control check: No 'Access-Control-Allow-Origin' header is present on the requested resource. @ http://localhost:9292/products/hardwell-maddix-revealed-a-c-i-d-oversized-t-shirt-black:0
[ 1727753ms] [ERROR] Failed to load resource: net::ERR_FAILED @ https://trgcj0-r0.myshopify.com/api/collect:0
[ 1733149ms] [ERROR] Access to fetch at 'https://trgcj0-r0.myshopify.com/api/collect' from origin 'http://localhost:9292' has been blocked by CORS policy: Response to preflight request doesn't pass access control check: No 'Access-Control-Allow-Origin' header is present on the requested resource. @ http://localhost:9292/products/hardwell-maddix-revealed-a-c-i-d-oversized-t-shirt-black:0
[ 1733149ms] [ERROR] Failed to load resource: net::ERR_FAILED @ https://trgcj0-r0.myshopify.com/api/collect:0
[ 1738930ms] [ERROR] Access to fetch at 'https://trgcj0-r0.myshopify.com/api/collect' from origin 'http://localhost:9292' has been blocked by CORS policy: Response to preflight request doesn't pass access control check: No 'Access-Control-Allow-Origin' header is present on the requested resource. @ http://localhost:9292/products/hardwell-maddix-revealed-a-c-i-d-oversized-t-shirt-black:0
[ 1738930ms] [ERROR] Failed to load resource: net::ERR_FAILED @ https://trgcj0-r0.myshopify.com/api/collect:0
[ 1744293ms] [ERROR] Access to fetch at 'https://trgcj0-r0.myshopify.com/api/collect' from origin 'http://localhost:9292' has been blocked by CORS policy: Response to preflight request doesn't pass access control check: No 'Access-Control-Allow-Origin' header is present on the requested resource. @ http://localhost:9292/products/hardwell-maddix-revealed-a-c-i-d-oversized-t-shirt-black:0
[ 1744294ms] [ERROR] Failed to load resource: net::ERR_FAILED @ https://trgcj0-r0.myshopify.com/api/collect:0
[ 1749755ms] [ERROR] Access to fetch at 'https://trgcj0-r0.myshopify.com/api/collect' from origin 'http://localhost:9292' has been blocked by CORS policy: Response to preflight request doesn't pass access control check: No 'Access-Control-Allow-Origin' header is present on the requested resource. @ http://localhost:9292/products/hardwell-maddix-revealed-a-c-i-d-oversized-t-shirt-black:0
[ 1749755ms] [ERROR] Failed to load resource: net::ERR_FAILED @ https://trgcj0-r0.myshopify.com/api/collect:0
[ 1755161ms] [ERROR] Access to fetch at 'https://trgcj0-r0.myshopify.com/api/collect' from origin 'http://localhost:9292' has been blocked by CORS policy: Response to preflight request doesn't pass access control check: No 'Access-Control-Allow-Origin' header is present on the requested resource. @ http://localhost:9292/products/hardwell-maddix-revealed-a-c-i-d-oversized-t-shirt-black:0
[ 1755161ms] [ERROR] Failed to load resource: net::ERR_FAILED @ https://trgcj0-r0.myshopify.com/api/collect:0
[ 1760527ms] [ERROR] Access to fetch at 'https://trgcj0-r0.myshopify.com/api/collect' from origin 'http://localhost:9292' has been blocked by CORS policy: Response to preflight request doesn't pass access control check: No 'Access-Control-Allow-Origin' header is present on the requested resource. @ http://localhost:9292/products/hardwell-maddix-revealed-a-c-i-d-oversized-t-shirt-black:0
[ 1760527ms] [ERROR] Failed to load resource: net::ERR_FAILED @ https://trgcj0-r0.myshopify.com/api/collect:0
[ 1765891ms] [ERROR] Access to fetch at 'https://trgcj0-r0.myshopify.com/api/collect' from origin 'http://localhost:9292' has been blocked by CORS policy: Response to preflight request doesn't pass access control check: No 'Access-Control-Allow-Origin' header is present on the requested resource. @ http://localhost:9292/products/hardwell-maddix-revealed-a-c-i-d-oversized-t-shirt-black:0
[ 1765891ms] [ERROR] Failed to load resource: net::ERR_FAILED @ https://trgcj0-r0.myshopify.com/api/collect:0
[ 1771254ms] [ERROR] Access to fetch at 'https://trgcj0-r0.myshopify.com/api/collect' from origin 'http://localhost:9292' has been blocked by CORS policy: Response to preflight request doesn't pass access control check: No 'Access-Control-Allow-Origin' header is present on the requested resource. @ http://localhost:9292/products/hardwell-maddix-revealed-a-c-i-d-oversized-t-shirt-black:0
[ 1771254ms] [ERROR] Failed to load resource: net::ERR_FAILED @ https://trgcj0-r0.myshopify.com/api/collect:0
[ 1776657ms] [ERROR] Access to fetch at 'https://trgcj0-r0.myshopify.com/api/collect' from origin 'http://localhost:9292' has been blocked by CORS policy: Response to preflight request doesn't pass access control check: No 'Access-Control-Allow-Origin' header is present on the requested resource. @ http://localhost:9292/products/hardwell-maddix-revealed-a-c-i-d-oversized-t-shirt-black:0
[ 1776657ms] [ERROR] Failed to load resource: net::ERR_FAILED @ https://trgcj0-r0.myshopify.com/api/collect:0
[ 1782029ms] [ERROR] Access to fetch at 'https://trgcj0-r0.myshopify.com/api/collect' from origin 'http://localhost:9292' has been blocked by CORS policy: Response to preflight request doesn't pass access control check: No 'Access-Control-Allow-Origin' header is present on the requested resource. @ http://localhost:9292/products/hardwell-maddix-revealed-a-c-i-d-oversized-t-shirt-black:0
[ 1782029ms] [ERROR] Failed to load resource: net::ERR_FAILED @ https://trgcj0-r0.myshopify.com/api/collect:0
[ 1787406ms] [ERROR] Access to fetch at 'https://trgcj0-r0.myshopify.com/api/collect' from origin 'http://localhost:9292' has been blocked by CORS policy: Response to preflight request doesn't pass access control check: No 'Access-Control-Allow-Origin' header is present on the requested resource. @ http://localhost:9292/products/hardwell-maddix-revealed-a-c-i-d-oversized-t-shirt-black:0
[ 1787406ms] [ERROR] Failed to load resource: net::ERR_FAILED @ https://trgcj0-r0.myshopify.com/api/collect:0
[ 1792772ms] [ERROR] Access to fetch at 'https://trgcj0-r0.myshopify.com/api/collect' from origin 'http://localhost:9292' has been blocked by CORS policy: Response to preflight request doesn't pass access control check: No 'Access-Control-Allow-Origin' header is present on the requested resource. @ http://localhost:9292/products/hardwell-maddix-revealed-a-c-i-d-oversized-t-shirt-black:0
[ 1792772ms] [ERROR] Failed to load resource: net::ERR_FAILED @ https://trgcj0-r0.myshopify.com/api/collect:0
[ 1798173ms] [ERROR] Access to fetch at 'https://trgcj0-r0.myshopify.com/api/collect' from origin 'http://localhost:9292' has been blocked by CORS policy: Response to preflight request doesn't pass access control check: No 'Access-Control-Allow-Origin' header is present on the requested resource. @ http://localhost:9292/products/hardwell-maddix-revealed-a-c-i-d-oversized-t-shirt-black:0
[ 1798173ms] [ERROR] Failed to load resource: net::ERR_FAILED @ https://trgcj0-r0.myshopify.com/api/collect:0
[ 1803592ms] [ERROR] Access to fetch at 'https://trgcj0-r0.myshopify.com/api/collect' from origin 'http://localhost:9292' has been blocked by CORS policy: Response to preflight request doesn't pass access control check: No 'Access-Control-Allow-Origin' header is present on the requested resource. @ http://localhost:9292/products/hardwell-maddix-revealed-a-c-i-d-oversized-t-shirt-black:0
[ 1803592ms] [ERROR] Failed to load resource: net::ERR_FAILED @ https://trgcj0-r0.myshopify.com/api/collect:0
[ 1809021ms] [ERROR] Access to fetch at 'https://trgcj0-r0.myshopify.com/api/collect' from origin 'http://localhost:9292' has been blocked by CORS policy: Response to preflight request doesn't pass access control check: No 'Access-Control-Allow-Origin' header is present on the requested resource. @ http://localhost:9292/products/hardwell-maddix-revealed-a-c-i-d-oversized-t-shirt-black:0
[ 1809021ms] [ERROR] Failed to load resource: net::ERR_FAILED @ https://trgcj0-r0.myshopify.com/api/collect:0
[ 1814409ms] [ERROR] Access to fetch at 'https://trgcj0-r0.myshopify.com/api/collect' from origin 'http://localhost:9292' has been blocked by CORS policy: Response to preflight request doesn't pass access control check: No 'Access-Control-Allow-Origin' header is present on the requested resource. @ http://localhost:9292/products/hardwell-maddix-revealed-a-c-i-d-oversized-t-shirt-black:0
[ 1814409ms] [ERROR] Failed to load resource: net::ERR_FAILED @ https://trgcj0-r0.myshopify.com/api/collect:0
[ 1819770ms] [ERROR] Access to fetch at 'https://trgcj0-r0.myshopify.com/api/collect' from origin 'http://localhost:9292' has been blocked by CORS policy: Response to preflight request doesn't pass access control check: No 'Access-Control-Allow-Origin' header is present on the requested resource. @ http://localhost:9292/products/hardwell-maddix-revealed-a-c-i-d-oversized-t-shirt-black:0
[ 1819771ms] [ERROR] Failed to load resource: net::ERR_FAILED @ https://trgcj0-r0.myshopify.com/api/collect:0
[ 1825155ms] [ERROR] Access to fetch at 'https://trgcj0-r0.myshopify.com/api/collect' from origin 'http://localhost:9292' has been blocked by CORS policy: Response to preflight request doesn't pass access control check: No 'Access-Control-Allow-Origin' header is present on the requested resource. @ http://localhost:9292/products/hardwell-maddix-revealed-a-c-i-d-oversized-t-shirt-black:0
[ 1825155ms] [ERROR] Failed to load resource: net::ERR_FAILED @ https://trgcj0-r0.myshopify.com/api/collect:0
[ 1830525ms] [ERROR] Access to fetch at 'https://trgcj0-r0.myshopify.com/api/collect' from origin 'http://localhost:9292' has been blocked by CORS policy: Response to preflight request doesn't pass access control check: No 'Access-Control-Allow-Origin' header is present on the requested resource. @ http://localhost:9292/products/hardwell-maddix-revealed-a-c-i-d-oversized-t-shirt-black:0
[ 1830525ms] [ERROR] Failed to load resource: net::ERR_FAILED @ https://trgcj0-r0.myshopify.com/api/collect:0
[ 1835907ms] [ERROR] Access to fetch at 'https://trgcj0-r0.myshopify.com/api/collect' from origin 'http://localhost:9292' has been blocked by CORS policy: Response to preflight request doesn't pass access control check: No 'Access-Control-Allow-Origin' header is present on the requested resource. @ http://localhost:9292/products/hardwell-maddix-revealed-a-c-i-d-oversized-t-shirt-black:0
[ 1835908ms] [ERROR] Failed to load resource: net::ERR_FAILED @ https://trgcj0-r0.myshopify.com/api/collect:0
[ 1841303ms] [ERROR] Access to fetch at 'https://trgcj0-r0.myshopify.com/api/collect' from origin 'http://localhost:9292' has been blocked by CORS policy: Response to preflight request doesn't pass access control check: No 'Access-Control-Allow-Origin' header is present on the requested resource. @ http://localhost:9292/products/hardwell-maddix-revealed-a-c-i-d-oversized-t-shirt-black:0
[ 1841304ms] [ERROR] Failed to load resource: net::ERR_FAILED @ https://trgcj0-r0.myshopify.com/api/collect:0
[ 1846742ms] [ERROR] Access to fetch at 'https://trgcj0-r0.myshopify.com/api/collect' from origin 'http://localhost:9292' has been blocked by CORS policy: Response to preflight request doesn't pass access control check: No 'Access-Control-Allow-Origin' header is present on the requested resource. @ http://localhost:9292/products/hardwell-maddix-revealed-a-c-i-d-oversized-t-shirt-black:0
[ 1846742ms] [ERROR] Failed to load resource: net::ERR_FAILED @ https://trgcj0-r0.myshopify.com/api/collect:0
[ 1852158ms] [ERROR] Access to fetch at 'https://trgcj0-r0.myshopify.com/api/collect' from origin 'http://localhost:9292' has been blocked by CORS policy: Response to preflight request doesn't pass access control check: No 'Access-Control-Allow-Origin' header is present on the requested resource. @ http://localhost:9292/products/hardwell-maddix-revealed-a-c-i-d-oversized-t-shirt-black:0
[ 1852158ms] [ERROR] Failed to load resource: net::ERR_FAILED @ https://trgcj0-r0.myshopify.com/api/collect:0
[ 1857989ms] [ERROR] Access to fetch at 'https://trgcj0-r0.myshopify.com/api/collect' from origin 'http://localhost:9292' has been blocked by CORS policy: Response to preflight request doesn't pass access control check: No 'Access-Control-Allow-Origin' header is present on the requested resource. @ http://localhost:9292/products/hardwell-maddix-revealed-a-c-i-d-oversized-t-shirt-black:0
[ 1857989ms] [ERROR] Failed to load resource: net::ERR_FAILED @ https://trgcj0-r0.myshopify.com/api/collect:0
[ 1863365ms] [ERROR] Access to fetch at 'https://trgcj0-r0.myshopify.com/api/collect' from origin 'http://localhost:9292' has been blocked by CORS policy: Response to preflight request doesn't pass access control check: No 'Access-Control-Allow-Origin' header is present on the requested resource. @ http://localhost:9292/products/hardwell-maddix-revealed-a-c-i-d-oversized-t-shirt-black:0
[ 1863365ms] [ERROR] Failed to load resource: net::ERR_FAILED @ https://trgcj0-r0.myshopify.com/api/collect:0
[ 1868759ms] [ERROR] Access to fetch at 'https://trgcj0-r0.myshopify.com/api/collect' from origin 'http://localhost:9292' has been blocked by CORS policy: Response to preflight request doesn't pass access control check: No 'Access-Control-Allow-Origin' header is present on the requested resource. @ http://localhost:9292/products/hardwell-maddix-revealed-a-c-i-d-oversized-t-shirt-black:0
[ 1868759ms] [ERROR] Failed to load resource: net::ERR_FAILED @ https://trgcj0-r0.myshopify.com/api/collect:0
[ 1874180ms] [ERROR] Access to fetch at 'https://trgcj0-r0.myshopify.com/api/collect' from origin 'http://localhost:9292' has been blocked by CORS policy: Response to preflight request doesn't pass access control check: No 'Access-Control-Allow-Origin' header is present on the requested resource. @ http://localhost:9292/products/hardwell-maddix-revealed-a-c-i-d-oversized-t-shirt-black:0
[ 1874181ms] [ERROR] Failed to load resource: net::ERR_FAILED @ https://trgcj0-r0.myshopify.com/api/collect:0
[ 1879535ms] [ERROR] Access to fetch at 'https://trgcj0-r0.myshopify.com/api/collect' from origin 'http://localhost:9292' has been blocked by CORS policy: Response to preflight request doesn't pass access control check: No 'Access-Control-Allow-Origin' header is present on the requested resource. @ http://localhost:9292/products/hardwell-maddix-revealed-a-c-i-d-oversized-t-shirt-black:0
[ 1879535ms] [ERROR] Failed to load resource: net::ERR_FAILED @ https://trgcj0-r0.myshopify.com/api/collect:0
[ 1884889ms] [ERROR] Access to fetch at 'https://trgcj0-r0.myshopify.com/api/collect' from origin 'http://localhost:9292' has been blocked by CORS policy: Response to preflight request doesn't pass access control check: No 'Access-Control-Allow-Origin' header is present on the requested resource. @ http://localhost:9292/products/hardwell-maddix-revealed-a-c-i-d-oversized-t-shirt-black:0
[ 1884889ms] [ERROR] Failed to load resource: net::ERR_FAILED @ https://trgcj0-r0.myshopify.com/api/collect:0
[ 1890263ms] [ERROR] Access to fetch at 'https://trgcj0-r0.myshopify.com/api/collect' from origin 'http://localhost:9292' has been blocked by CORS policy: Response to preflight request doesn't pass access control check: No 'Access-Control-Allow-Origin' header is present on the requested resource. @ http://localhost:9292/products/hardwell-maddix-revealed-a-c-i-d-oversized-t-shirt-black:0
[ 1890263ms] [ERROR] Failed to load resource: net::ERR_FAILED @ https://trgcj0-r0.myshopify.com/api/collect:0
[ 1895677ms] [ERROR] Access to fetch at 'https://trgcj0-r0.myshopify.com/api/collect' from origin 'http://localhost:9292' has been blocked by CORS policy: Response to preflight request doesn't pass access control check: No 'Access-Control-Allow-Origin' header is present on the requested resource. @ http://localhost:9292/products/hardwell-maddix-revealed-a-c-i-d-oversized-t-shirt-black:0
[ 1895677ms] [ERROR] Failed to load resource: net::ERR_FAILED @ https://trgcj0-r0.myshopify.com/api/collect:0
[ 1901035ms] [ERROR] Access to fetch at 'https://trgcj0-r0.myshopify.com/api/collect' from origin 'http://localhost:9292' has been blocked by CORS policy: Response to preflight request doesn't pass access control check: No 'Access-Control-Allow-Origin' header is present on the requested resource. @ http://localhost:9292/products/hardwell-maddix-revealed-a-c-i-d-oversized-t-shirt-black:0
[ 1901036ms] [ERROR] Failed to load resource: net::ERR_FAILED @ https://trgcj0-r0.myshopify.com/api/collect:0
[ 1906406ms] [ERROR] Access to fetch at 'https://trgcj0-r0.myshopify.com/api/collect' from origin 'http://localhost:9292' has been blocked by CORS policy: Response to preflight request doesn't pass access control check: No 'Access-Control-Allow-Origin' header is present on the requested resource. @ http://localhost:9292/products/hardwell-maddix-revealed-a-c-i-d-oversized-t-shirt-black:0
[ 1906406ms] [ERROR] Failed to load resource: net::ERR_FAILED @ https://trgcj0-r0.myshopify.com/api/collect:0
[ 1911759ms] [ERROR] Access to fetch at 'https://trgcj0-r0.myshopify.com/api/collect' from origin 'http://localhost:9292' has been blocked by CORS policy: Response to preflight request doesn't pass access control check: No 'Access-Control-Allow-Origin' header is present on the requested resource. @ http://localhost:9292/products/hardwell-maddix-revealed-a-c-i-d-oversized-t-shirt-black:0
[ 1911759ms] [ERROR] Failed to load resource: net::ERR_FAILED @ https://trgcj0-r0.myshopify.com/api/collect:0
[ 1917171ms] [ERROR] Access to fetch at 'https://trgcj0-r0.myshopify.com/api/collect' from origin 'http://localhost:9292' has been blocked by CORS policy: Response to preflight request doesn't pass access control check: No 'Access-Control-Allow-Origin' header is present on the requested resource. @ http://localhost:9292/products/hardwell-maddix-revealed-a-c-i-d-oversized-t-shirt-black:0
[ 1917171ms] [ERROR] Failed to load resource: net::ERR_FAILED @ https://trgcj0-r0.myshopify.com/api/collect:0
[ 1922538ms] [ERROR] Access to fetch at 'https://trgcj0-r0.myshopify.com/api/collect' from origin 'http://localhost:9292' has been blocked by CORS policy: Response to preflight request doesn't pass access control check: No 'Access-Control-Allow-Origin' header is present on the requested resource. @ http://localhost:9292/products/hardwell-maddix-revealed-a-c-i-d-oversized-t-shirt-black:0
[ 1922538ms] [ERROR] Failed to load resource: net::ERR_FAILED @ https://trgcj0-r0.myshopify.com/api/collect:0
[ 1927933ms] [ERROR] Access to fetch at 'https://trgcj0-r0.myshopify.com/api/collect' from origin 'http://localhost:9292' has been blocked by CORS policy: Response to preflight request doesn't pass access control check: No 'Access-Control-Allow-Origin' header is present on the requested resource. @ http://localhost:9292/products/hardwell-maddix-revealed-a-c-i-d-oversized-t-shirt-black:0
[ 1927933ms] [ERROR] Failed to load resource: net::ERR_FAILED @ https://trgcj0-r0.myshopify.com/api/collect:0
[ 1933293ms] [ERROR] Access to fetch at 'https://trgcj0-r0.myshopify.com/api/collect' from origin 'http://localhost:9292' has been blocked by CORS policy: Response to preflight request doesn't pass access control check: No 'Access-Control-Allow-Origin' header is present on the requested resource. @ http://localhost:9292/products/hardwell-maddix-revealed-a-c-i-d-oversized-t-shirt-black:0
[ 1933293ms] [ERROR] Failed to load resource: net::ERR_FAILED @ https://trgcj0-r0.myshopify.com/api/collect:0
[ 1938668ms] [ERROR] Access to fetch at 'https://trgcj0-r0.myshopify.com/api/collect' from origin 'http://localhost:9292' has been blocked by CORS policy: Response to preflight request doesn't pass access control check: No 'Access-Control-Allow-Origin' header is present on the requested resource. @ http://localhost:9292/products/hardwell-maddix-revealed-a-c-i-d-oversized-t-shirt-black:0
[ 1938669ms] [ERROR] Failed to load resource: net::ERR_FAILED @ https://trgcj0-r0.myshopify.com/api/collect:0
[ 1944036ms] [ERROR] Access to fetch at 'https://trgcj0-r0.myshopify.com/api/collect' from origin 'http://localhost:9292' has been blocked by CORS policy: Response to preflight request doesn't pass access control check: No 'Access-Control-Allow-Origin' header is present on the requested resource. @ http://localhost:9292/products/hardwell-maddix-revealed-a-c-i-d-oversized-t-shirt-black:0
[ 1944036ms] [ERROR] Failed to load resource: net::ERR_FAILED @ https://trgcj0-r0.myshopify.com/api/collect:0
[ 1949410ms] [ERROR] Access to fetch at 'https://trgcj0-r0.myshopify.com/api/collect' from origin 'http://localhost:9292' has been blocked by CORS policy: Response to preflight request doesn't pass access control check: No 'Access-Control-Allow-Origin' header is present on the requested resource. @ http://localhost:9292/products/hardwell-maddix-revealed-a-c-i-d-oversized-t-shirt-black:0
[ 1949411ms] [ERROR] Failed to load resource: net::ERR_FAILED @ https://trgcj0-r0.myshopify.com/api/collect:0
[ 1954774ms] [ERROR] Access to fetch at 'https://trgcj0-r0.myshopify.com/api/collect' from origin 'http://localhost:9292' has been blocked by CORS policy: Response to preflight request doesn't pass access control check: No 'Access-Control-Allow-Origin' header is present on the requested resource. @ http://localhost:9292/products/hardwell-maddix-revealed-a-c-i-d-oversized-t-shirt-black:0
[ 1954774ms] [ERROR] Failed to load resource: net::ERR_FAILED @ https://trgcj0-r0.myshopify.com/api/collect:0
[ 1960165ms] [ERROR] Access to fetch at 'https://trgcj0-r0.myshopify.com/api/collect' from origin 'http://localhost:9292' has been blocked by CORS policy: Response to preflight request doesn't pass access control check: No 'Access-Control-Allow-Origin' header is present on the requested resource. @ http://localhost:9292/products/hardwell-maddix-revealed-a-c-i-d-oversized-t-shirt-black:0
[ 1960165ms] [ERROR] Failed to load resource: net::ERR_FAILED @ https://trgcj0-r0.myshopify.com/api/collect:0
[ 1965520ms] [ERROR] Access to fetch at 'https://trgcj0-r0.myshopify.com/api/collect' from origin 'http://localhost:9292' has been blocked by CORS policy: Response to preflight request doesn't pass access control check: No 'Access-Control-Allow-Origin' header is present on the requested resource. @ http://localhost:9292/products/hardwell-maddix-revealed-a-c-i-d-oversized-t-shirt-black:0
[ 1965520ms] [ERROR] Failed to load resource: net::ERR_FAILED @ https://trgcj0-r0.myshopify.com/api/collect:0
[ 1970899ms] [ERROR] Access to fetch at 'https://trgcj0-r0.myshopify.com/api/collect' from origin 'http://localhost:9292' has been blocked by CORS policy: Response to preflight request doesn't pass access control check: No 'Access-Control-Allow-Origin' header is present on the requested resource. @ http://localhost:9292/products/hardwell-maddix-revealed-a-c-i-d-oversized-t-shirt-black:0
[ 1970899ms] [ERROR] Failed to load resource: net::ERR_FAILED @ https://trgcj0-r0.myshopify.com/api/collect:0
[ 1976259ms] [ERROR] Access to fetch at 'https://trgcj0-r0.myshopify.com/api/collect' from origin 'http://localhost:9292' has been blocked by CORS policy: Response to preflight request doesn't pass access control check: No 'Access-Control-Allow-Origin' header is present on the requested resource. @ http://localhost:9292/products/hardwell-maddix-revealed-a-c-i-d-oversized-t-shirt-black:0
[ 1976260ms] [ERROR] Failed to load resource: net::ERR_FAILED @ https://trgcj0-r0.myshopify.com/api/collect:0
[ 1981660ms] [ERROR] Access to fetch at 'https://trgcj0-r0.myshopify.com/api/collect' from origin 'http://localhost:9292' has been blocked by CORS policy: Response to preflight request doesn't pass access control check: No 'Access-Control-Allow-Origin' header is present on the requested resource. @ http://localhost:9292/products/hardwell-maddix-revealed-a-c-i-d-oversized-t-shirt-black:0
[ 1981660ms] [ERROR] Failed to load resource: net::ERR_FAILED @ https://trgcj0-r0.myshopify.com/api/collect:0
[ 1987028ms] [ERROR] Access to fetch at 'https://trgcj0-r0.myshopify.com/api/collect' from origin 'http://localhost:9292' has been blocked by CORS policy: Response to preflight request doesn't pass access control check: No 'Access-Control-Allow-Origin' header is present on the requested resource. @ http://localhost:9292/products/hardwell-maddix-revealed-a-c-i-d-oversized-t-shirt-black:0
[ 1987028ms] [ERROR] Failed to load resource: net::ERR_FAILED @ https://trgcj0-r0.myshopify.com/api/collect:0
[ 1992385ms] [ERROR] Access to fetch at 'https://trgcj0-r0.myshopify.com/api/collect' from origin 'http://localhost:9292' has been blocked by CORS policy: Response to preflight request doesn't pass access control check: No 'Access-Control-Allow-Origin' header is present on the requested resource. @ http://localhost:9292/products/hardwell-maddix-revealed-a-c-i-d-oversized-t-shirt-black:0
[ 1992385ms] [ERROR] Failed to load resource: net::ERR_FAILED @ https://trgcj0-r0.myshopify.com/api/collect:0
[ 1997741ms] [ERROR] Access to fetch at 'https://trgcj0-r0.myshopify.com/api/collect' from origin 'http://localhost:9292' has been blocked by CORS policy: Response to preflight request doesn't pass access control check: No 'Access-Control-Allow-Origin' header is present on the requested resource. @ http://localhost:9292/products/hardwell-maddix-revealed-a-c-i-d-oversized-t-shirt-black:0
[ 1997741ms] [ERROR] Failed to load resource: net::ERR_FAILED @ https://trgcj0-r0.myshopify.com/api/collect:0
[ 2003157ms] [ERROR] Access to fetch at 'https://trgcj0-r0.myshopify.com/api/collect' from origin 'http://localhost:9292' has been blocked by CORS policy: Response to preflight request doesn't pass access control check: No 'Access-Control-Allow-Origin' header is present on the requested resource. @ http://localhost:9292/products/hardwell-maddix-revealed-a-c-i-d-oversized-t-shirt-black:0
[ 2003158ms] [ERROR] Failed to load resource: net::ERR_FAILED @ https://trgcj0-r0.myshopify.com/api/collect:0
[ 2008525ms] [ERROR] Access to fetch at 'https://trgcj0-r0.myshopify.com/api/collect' from origin 'http://localhost:9292' has been blocked by CORS policy: Response to preflight request doesn't pass access control check: No 'Access-Control-Allow-Origin' header is present on the requested resource. @ http://localhost:9292/products/hardwell-maddix-revealed-a-c-i-d-oversized-t-shirt-black:0
[ 2008525ms] [ERROR] Failed to load resource: net::ERR_FAILED @ https://trgcj0-r0.myshopify.com/api/collect:0
[ 2013893ms] [ERROR] Access to fetch at 'https://trgcj0-r0.myshopify.com/api/collect' from origin 'http://localhost:9292' has been blocked by CORS policy: Response to preflight request doesn't pass access control check: No 'Access-Control-Allow-Origin' header is present on the requested resource. @ http://localhost:9292/products/hardwell-maddix-revealed-a-c-i-d-oversized-t-shirt-black:0
[ 2013893ms] [ERROR] Failed to load resource: net::ERR_FAILED @ https://trgcj0-r0.myshopify.com/api/collect:0
[ 2019262ms] [ERROR] Access to fetch at 'https://trgcj0-r0.myshopify.com/api/collect' from origin 'http://localhost:9292' has been blocked by CORS policy: Response to preflight request doesn't pass access control check: No 'Access-Control-Allow-Origin' header is present on the requested resource. @ http://localhost:9292/products/hardwell-maddix-revealed-a-c-i-d-oversized-t-shirt-black:0
[ 2019262ms] [ERROR] Failed to load resource: net::ERR_FAILED @ https://trgcj0-r0.myshopify.com/api/collect:0
[ 2024655ms] [ERROR] Access to fetch at 'https://trgcj0-r0.myshopify.com/api/collect' from origin 'http://localhost:9292' has been blocked by CORS policy: Response to preflight request doesn't pass access control check: No 'Access-Control-Allow-Origin' header is present on the requested resource. @ http://localhost:9292/products/hardwell-maddix-revealed-a-c-i-d-oversized-t-shirt-black:0
[ 2024655ms] [ERROR] Failed to load resource: net::ERR_FAILED @ https://trgcj0-r0.myshopify.com/api/collect:0
[ 2030028ms] [ERROR] Access to fetch at 'https://trgcj0-r0.myshopify.com/api/collect' from origin 'http://localhost:9292' has been blocked by CORS policy: Response to preflight request doesn't pass access control check: No 'Access-Control-Allow-Origin' header is present on the requested resource. @ http://localhost:9292/products/hardwell-maddix-revealed-a-c-i-d-oversized-t-shirt-black:0
[ 2030028ms] [ERROR] Failed to load resource: net::ERR_FAILED @ https://trgcj0-r0.myshopify.com/api/collect:0
[ 2035404ms] [ERROR] Access to fetch at 'https://trgcj0-r0.myshopify.com/api/collect' from origin 'http://localhost:9292' has been blocked by CORS policy: Response to preflight request doesn't pass access control check: No 'Access-Control-Allow-Origin' header is present on the requested resource. @ http://localhost:9292/products/hardwell-maddix-revealed-a-c-i-d-oversized-t-shirt-black:0
[ 2035404ms] [ERROR] Failed to load resource: net::ERR_FAILED @ https://trgcj0-r0.myshopify.com/api/collect:0
[ 2040773ms] [ERROR] Access to fetch at 'https://trgcj0-r0.myshopify.com/api/collect' from origin 'http://localhost:9292' has been blocked by CORS policy: Response to preflight request doesn't pass access control check: No 'Access-Control-Allow-Origin' header is present on the requested resource. @ http://localhost:9292/products/hardwell-maddix-revealed-a-c-i-d-oversized-t-shirt-black:0
[ 2040773ms] [ERROR] Failed to load resource: net::ERR_FAILED @ https://trgcj0-r0.myshopify.com/api/collect:0
[ 2046151ms] [ERROR] Access to fetch at 'https://trgcj0-r0.myshopify.com/api/collect' from origin 'http://localhost:9292' has been blocked by CORS policy: Response to preflight request doesn't pass access control check: No 'Access-Control-Allow-Origin' header is present on the requested resource. @ http://localhost:9292/products/hardwell-maddix-revealed-a-c-i-d-oversized-t-shirt-black:0
[ 2046151ms] [ERROR] Failed to load resource: net::ERR_FAILED @ https://trgcj0-r0.myshopify.com/api/collect:0
[ 2051519ms] [ERROR] Access to fetch at 'https://trgcj0-r0.myshopify.com/api/collect' from origin 'http://localhost:9292' has been blocked by CORS policy: Response to preflight request doesn't pass access control check: No 'Access-Control-Allow-Origin' header is present on the requested resource. @ http://localhost:9292/products/hardwell-maddix-revealed-a-c-i-d-oversized-t-shirt-black:0
[ 2051519ms] [ERROR] Failed to load resource: net::ERR_FAILED @ https://trgcj0-r0.myshopify.com/api/collect:0
[ 2056872ms] [ERROR] Access to fetch at 'https://trgcj0-r0.myshopify.com/api/collect' from origin 'http://localhost:9292' has been blocked by CORS policy: Response to preflight request doesn't pass access control check: No 'Access-Control-Allow-Origin' header is present on the requested resource. @ http://localhost:9292/products/hardwell-maddix-revealed-a-c-i-d-oversized-t-shirt-black:0
[ 2056872ms] [ERROR] Failed to load resource: net::ERR_FAILED @ https://trgcj0-r0.myshopify.com/api/collect:0
[ 2062700ms] [ERROR] Access to fetch at 'https://trgcj0-r0.myshopify.com/api/collect' from origin 'http://localhost:9292' has been blocked by CORS policy: Response to preflight request doesn't pass access control check: No 'Access-Control-Allow-Origin' header is present on the requested resource. @ http://localhost:9292/products/hardwell-maddix-revealed-a-c-i-d-oversized-t-shirt-black:0
[ 2062700ms] [ERROR] Failed to load resource: net::ERR_FAILED @ https://trgcj0-r0.myshopify.com/api/collect:0
[ 2068059ms] [ERROR] Access to fetch at 'https://trgcj0-r0.myshopify.com/api/collect' from origin 'http://localhost:9292' has been blocked by CORS policy: Response to preflight request doesn't pass access control check: No 'Access-Control-Allow-Origin' header is present on the requested resource. @ http://localhost:9292/products/hardwell-maddix-revealed-a-c-i-d-oversized-t-shirt-black:0
[ 2068059ms] [ERROR] Failed to load resource: net::ERR_FAILED @ https://trgcj0-r0.myshopify.com/api/collect:0
[ 2073435ms] [ERROR] Access to fetch at 'https://trgcj0-r0.myshopify.com/api/collect' from origin 'http://localhost:9292' has been blocked by CORS policy: Response to preflight request doesn't pass access control check: No 'Access-Control-Allow-Origin' header is present on the requested resource. @ http://localhost:9292/products/hardwell-maddix-revealed-a-c-i-d-oversized-t-shirt-black:0
[ 2073436ms] [ERROR] Failed to load resource: net::ERR_FAILED @ https://trgcj0-r0.myshopify.com/api/collect:0
[ 2078805ms] [ERROR] Access to fetch at 'https://trgcj0-r0.myshopify.com/api/collect' from origin 'http://localhost:9292' has been blocked by CORS policy: Response to preflight request doesn't pass access control check: No 'Access-Control-Allow-Origin' header is present on the requested resource. @ http://localhost:9292/products/hardwell-maddix-revealed-a-c-i-d-oversized-t-shirt-black:0
[ 2078805ms] [ERROR] Failed to load resource: net::ERR_FAILED @ https://trgcj0-r0.myshopify.com/api/collect:0
[ 2084248ms] [ERROR] Access to fetch at 'https://trgcj0-r0.myshopify.com/api/collect' from origin 'http://localhost:9292' has been blocked by CORS policy: Response to preflight request doesn't pass access control check: No 'Access-Control-Allow-Origin' header is present on the requested resource. @ http://localhost:9292/products/hardwell-maddix-revealed-a-c-i-d-oversized-t-shirt-black:0
[ 2084248ms] [ERROR] Failed to load resource: net::ERR_FAILED @ https://trgcj0-r0.myshopify.com/api/collect:0
